00000,a,全国
00001,b,市部
00002,b,郡部
01000,a,北海道
01001,b,市部
01002,b,郡部
01100,1,札幌市
01101,0,札幌市 中央区
01102,0,札幌市 北区
01103,0,札幌市 東区
01104,0,札幌市 白石区
01105,0,札幌市 豊平区
01106,0,札幌市 南区
01107,0,札幌市 西区
01108,0,札幌市 厚別区
01109,0,札幌市 手稲区
01110,0,札幌市 清田区
01202,2,函館市
01202,9,　　(旧 202 函館市)
01202,9,　　(旧 339 戸井町)
01202,9,　　(旧 340 恵山町)
01202,9,　　(旧 341 椴法華村)
01202,9,　　(旧 342 南茅部町)
01203,2,小樽市
01204,2,旭川市
01205,2,室蘭市
01206,2,釧路市
01206,9,　　(旧 206 釧路市)
01206,9,　　(旧 666 阿寒町)
01206,9,　　(旧 669 音別町)
01207,2,帯広市
01208,2,北見市
01208,9,　　(旧 208 北見市)
01208,9,　　(旧 548 端野町)
01208,9,　　(旧 551 留辺蘂町)
01208,9,　　(旧 553 常呂町)
01209,2,夕張市
01210,2,岩見沢市
01210,9,　　(旧 210 岩見沢市)
01210,9,　　(旧 421 北村)
01210,9,　　(旧 422 栗沢町)
01211,2,網走市
01212,2,留萌市
01213,2,苫小牧市
01214,2,稚内市
01215,2,美唄市
01216,2,芦別市
01217,2,江別市
01218,2,赤平市
01219,2,紋別市
01220,2,士別市
01220,9,　　(旧 220 士別市)
01220,9,　　(旧 466 朝日町)
01221,2,名寄市
01221,9,　　(旧 221 名寄市)
01221,9,　　(旧 467 風連町)
01222,2,三笠市
01223,2,根室市
01224,2,千歳市
01225,2,滝川市
01226,2,砂川市
01227,2,歌志内市
01228,2,深川市
01229,2,富良野市
01230,2,登別市
01231,2,恵庭市
01233,2,伊達市
01233,9,　　(旧 233 伊達市)
01233,9,　　(旧 574 大滝村)
01234,2,北広島市
01235,2,石狩市
01235,9,　　(旧 235 石狩市)
01235,9,　　(旧 305 厚田村)
01235,9,　　(旧 306 浜益村)
01236,2,北斗市
01236,9,　　(旧 335 上磯町)
01236,9,　　(旧 336 大野町)
01300,c,石狩振興局
01303,3,当別町
01304,3,新篠津村
01330,c,渡島総合振興局
01331,3,松前町
01332,3,福島町
01333,3,知内町
01334,3,木古内町
01337,3,七飯町
01343,3,鹿部町
01345,3,森町
01345,9,　　(旧 344 砂原町)
01345,9,　　(旧 345 森町)
01346,3,八雲町
01346,9,　　(旧 346 八雲町)
01346,9,　　(旧 365 熊石町)
01347,3,長万部町
01360,c,檜山振興局
01361,3,江差町
01362,3,上ノ国町
01363,3,厚沢部町
01364,3,乙部町
01367,3,奥尻町
01370,3,今金町
01371,3,せたな町
01371,9,　　(旧 366 大成町)
01371,9,　　(旧 368 瀬棚町)
01371,9,　　(旧 369 北檜山町)
01390,c,後志総合振興局
01391,3,島牧村
01392,3,寿都町
01393,3,黒松内町
01394,3,蘭越町
01395,3,ニセコ町
01396,3,真狩村
01397,3,留寿都村
01398,3,喜茂別町
01399,3,京極町
01400,3,倶知安町
01401,3,共和町
01402,3,岩内町
01403,3,泊村
01404,3,神恵内村
01405,3,積丹町
01406,3,古平町
01407,3,仁木町
01408,3,余市町
01409,3,赤井川村
01420,c,空知総合振興局
01423,3,南幌町
01424,3,奈井江町
01425,3,上砂川町
01427,3,由仁町
01428,3,長沼町
01429,3,栗山町
01430,3,月形町
01431,3,浦臼町
01432,3,新十津川町
01433,3,妹背牛町
01434,3,秩父別町
01436,3,雨竜町
01437,3,北竜町
01438,3,沼田町
01450,c,上川総合振興局
01452,3,鷹栖町
01453,3,東神楽町
01454,3,当麻町
01455,3,比布町
01456,3,愛別町
01457,3,上川町
01458,3,東川町
01459,3,美瑛町
01460,3,上富良野町
01461,3,中富良野町
01462,3,南富良野町
01463,3,占冠村
01464,3,和寒町
01465,3,剣淵町
01468,3,下川町
01469,3,美深町
01470,3,音威子府村
01471,3,中川町
01472,3,幌加内町
01472,9,　　(旧 439 幌加内町)
01480,c,留萌振興局
01481,3,増毛町
01482,3,小平町
01483,3,苫前町
01484,3,羽幌町
01485,3,初山別村
01486,3,遠別町
01487,3,天塩町
01510,c,宗谷総合振興局
01511,3,猿払村
01512,3,浜頓別町
01513,3,中頓別町
01514,3,枝幸町
01514,9,　　(旧 514 枝幸町)
01514,9,　　(旧 515 歌登町)
01516,3,豊富町
01517,3,礼文町
01518,3,利尻町
01519,3,利尻富士町
01520,3,幌延町
01520,9,　　(旧 488 幌延町)
01540,c,オホーツク総合振興局
01543,3,美幌町
01544,3,津別町
01545,3,斜里町
01546,3,清里町
01547,3,小清水町
01549,3,訓子府町
01550,3,置戸町
01552,3,佐呂間町
01555,3,遠軽町
01555,9,　　(旧 554 生田原町)
01555,9,　　(旧 555 遠軽町)
01555,9,　　(旧 556 丸瀬布町)
01555,9,　　(旧 557 白滝村)
01559,3,湧別町
01559,9,　　(旧 558 上湧別町)
01559,9,　　(旧 559 湧別町)
01560,3,滝上町
01561,3,興部町
01562,3,西興部村
01563,3,雄武町
01564,3,大空町
01564,9,　　(旧 541 東藻琴村)
01564,9,　　(旧 542 女満別町)
01570,c,胆振総合振興局
01571,3,豊浦町
01575,3,壮瞥町
01578,3,白老町
01581,3,厚真町
01584,3,洞爺湖町
01584,9,　　(旧 572 虻田町)
01584,9,　　(旧 573 洞爺村)
01585,3,安平町
01585,9,　　(旧 579 早来町)
01585,9,　　(旧 580 追分町)
01586,3,むかわ町
01586,9,　　(旧 582 鵡川町)
01586,9,　　(旧 583 穂別町)
01600,c,日高振興局
01601,3,日高町
01601,9,　　(旧 601 日高町)
01601,9,　　(旧 603 門別町)
01602,3,平取町
01604,3,新冠町
01607,3,浦河町
01608,3,様似町
01609,3,えりも町
01610,3,新ひだか町
01610,9,　　(旧 605 静内町)
01610,9,　　(旧 606 三石町)
01630,c,十勝総合振興局
01631,3,音更町
01632,3,士幌町
01633,3,上士幌町
01634,3,鹿追町
01635,3,新得町
01636,3,清水町
01637,3,芽室町
01638,3,中札内村
01639,3,更別村
01641,3,大樹町
01642,3,広尾町
01643,3,幕別町
01643,9,　　(旧 640 忠類村)
01643,9,　　(旧 643 幕別町)
01644,3,池田町
01645,3,豊頃町
01646,3,本別町
01647,3,足寄町
01648,3,陸別町
01649,3,浦幌町
01660,c,釧路総合振興局
01661,3,釧路町
01662,3,厚岸町
01663,3,浜中町
01664,3,標茶町
01665,3,弟子屈町
01667,3,鶴居村
01668,3,白糠町
01690,c,根室振興局
01691,3,別海町
01692,3,中標津町
01693,3,標津町
01694,3,羅臼町
02000,a,青森県
02001,b,市部
02002,b,郡部
02201,2,青森市
02201,9,　　(旧 201 青森市)
02201,9,　　(旧 364 浪岡町)
02202,2,弘前市
02202,9,　　(旧 202 弘前市)
02202,9,　　(旧 341 岩木町)
02202,9,　　(旧 342 相馬村)
02203,2,八戸市
02203,9,　　(旧 203 八戸市)
02203,9,　　(旧 448 南郷村)
02204,2,黒石市
02205,2,五所川原市
02205,9,　　(旧 205 五所川原市)
02205,9,　　(旧 382 金木町)
02205,9,　　(旧 385 市浦村)
02206,2,十和田市
02206,9,　　(旧 206 十和田市)
02206,9,　　(旧 404 十和田湖町)
02207,2,三沢市
02208,2,むつ市
02208,9,　　(旧 208 むつ市)
02208,9,　　(旧 421 川内町)
02208,9,　　(旧 422 大畑町)
02208,9,　　(旧 427 脇野沢村)
02209,2,つがる市
02209,9,　　(旧 322 木造町)
02209,9,　　(旧 324 森田村)
02209,9,　　(旧 326 柏村)
02209,9,　　(旧 327 稲垣村)
02209,9,　　(旧 328 車力村)
02210,2,平川市
02210,9,　　(旧 363 尾上町)
02210,9,　　(旧 365 平賀町)
02210,9,　　(旧 368 碇ケ関村)
02300,c,東津軽郡
02301,3,平内町
02303,3,今別町
02304,3,蓬田村
02307,3,外ヶ浜町
02307,9,　　(旧 302 蟹田町)
02307,9,　　(旧 305 平舘村)
02307,9,　　(旧 306 三厩村)
02320,c,西津軽郡
02321,3,鰺ヶ沢町
02323,3,深浦町
02323,9,　　(旧 323 深浦町)
02323,9,　　(旧 325 岩崎村)
02340,c,中津軽郡
02343,3,西目屋村
02360,c,南津軽郡
02361,3,藤崎町
02361,9,　　(旧 361 藤崎町)
02361,9,　　(旧 366 常盤村)
02362,3,大鰐町
02367,3,田舎館村
02380,c,北津軽郡
02381,3,板柳町
02384,3,鶴田町
02387,3,中泊町
02387,9,　　(旧 383 中里町)
02387,9,　　(旧 386 小泊村)
02400,c,上北郡
02401,3,野辺地町
02402,3,七戸町
02402,9,　　(旧 402 七戸町)
02402,9,　　(旧 409 天間林村)
02405,3,六戸町
02406,3,横浜町
02408,3,東北町
02408,9,　　(旧 407 上北町)
02408,9,　　(旧 408 東北町)
02411,3,六ヶ所村
02412,3,おいらせ町
02412,9,　　(旧 403 百石町)
02412,9,　　(旧 410 下田町)
02420,c,下北郡
02423,3,大間町
02424,3,東通村
02425,3,風間浦村
02426,3,佐井村
02440,c,三戸郡
02441,3,三戸町
02442,3,五戸町
02442,9,　　(旧 442 五戸町)
02442,9,　　(旧 449 倉石村)
02443,3,田子町
02445,3,南部町
02445,9,　　(旧 444 名川町)
02445,9,　　(旧 445 南部町)
02445,9,　　(旧 447 福地村)
02446,3,階上町
02450,3,新郷村
03000,a,岩手県
03001,b,市部
03002,b,郡部
03201,2,盛岡市
03201,9,　　(旧 201 盛岡市)
03201,9,　　(旧 307 玉山村)
03202,2,宮古市
03202,9,　　(旧 202 宮古市)
03202,9,　　(旧 481 田老町)
03202,9,　　(旧 486 新里村)
03202,9,　　(旧 487 川井村)
03203,2,大船渡市
03203,9,　　(旧 203 大船渡市)
03203,9,　　(旧 442 三陸町)
03205,2,花巻市
03205,9,　　(旧 205 花巻市)
03205,9,　　(旧 341 大迫町)
03205,9,　　(旧 342 石鳥谷町)
03205,9,　　(旧 361 東和町)
03206,2,北上市
03207,2,久慈市
03207,9,　　(旧 207 久慈市)
03207,9,　　(旧 504 山形村)
03208,2,遠野市
03208,9,　　(旧 208 遠野市)
03208,9,　　(旧 462 宮守村)
03209,2,一関市
03209,9,　　(旧 209 一関市)
03209,9,　　(旧 401 花泉町)
03209,9,　　(旧 421 大東町)
03209,9,　　(旧 422 藤沢町)
03209,9,　　(旧 423 千厩町)
03209,9,　　(旧 424 東山町)
03209,9,　　(旧 425 室根村)
03209,9,　　(旧 426 川崎村)
03210,2,陸前高田市
03211,2,釜石市
03213,2,二戸市
03213,9,　　(旧 213 二戸市)
03213,9,　　(旧 521 浄法寺町)
03214,2,八幡平市
03214,9,　　(旧 304 西根町)
03214,9,　　(旧 306 松尾村)
03214,9,　　(旧 523 安代町)
03215,2,奥州市
03215,9,　　(旧 204 水沢市)
03215,9,　　(旧 212 江刺市)
03215,9,　　(旧 382 前沢町)
03215,9,　　(旧 383 胆沢町)
03215,9,　　(旧 384 衣川村)
03216,2,滝沢市
03216,9,　　(旧 305 滝沢村)
03300,c,岩手郡
03301,3,雫石町
03302,3,葛巻町
03303,3,岩手町
03320,c,紫波郡
03321,3,紫波町
03322,3,矢巾町
03360,c,和賀郡
03366,3,西和賀町
03366,9,　　(旧 363 湯田町)
03366,9,　　(旧 365 沢内村)
03380,c,胆沢郡
03381,3,金ケ崎町
03400,c,西磐井郡
03402,3,平泉町
03440,c,気仙郡
03441,3,住田町
03460,c,上閉伊郡
03461,3,大槌町
03480,c,下閉伊郡
03482,3,山田町
03483,3,岩泉町
03484,3,田野畑村
03485,3,普代村
03500,c,九戸郡
03501,3,軽米町
03503,3,野田村
03506,3,九戸村
03507,3,洋野町
03507,9,　　(旧 502 種市町)
03507,9,　　(旧 505 大野村)
03520,c,二戸郡
03524,3,一戸町
04000,a,宮城県
04001,b,市部
04002,b,郡部
04100,1,仙台市
04101,0,仙台市 青葉区
04102,0,仙台市 宮城野区
04103,0,仙台市 若林区
04104,0,仙台市 太白区
04105,0,仙台市 泉区
04202,2,石巻市
04202,9,　　(旧 202 石巻市)
04202,9,　　(旧 561 河北町)
04202,9,　　(旧 563 雄勝町)
04202,9,　　(旧 564 河南町)
04202,9,　　(旧 565 桃生町)
04202,9,　　(旧 567 北上町)
04202,9,　　(旧 582 牡鹿町)
04203,2,塩竈市
04205,2,気仙沼市
04205,9,　　(旧 205 気仙沼市)
04205,9,　　(旧 603 本吉町)
04205,9,　　(旧 604 唐桑町)
04206,2,白石市
04207,2,名取市
04208,2,角田市
04209,2,多賀城市
04211,2,岩沼市
04212,2,登米市
04212,9,　　(旧 541 迫町)
04212,9,　　(旧 542 登米町)
04212,9,　　(旧 543 東和町)
04212,9,　　(旧 544 中田町)
04212,9,　　(旧 545 豊里町)
04212,9,　　(旧 546 米山町)
04212,9,　　(旧 547 石越町)
04212,9,　　(旧 548 南方町)
04212,9,　　(旧 602 津山町)
04213,2,栗原市
04213,9,　　(旧 521 築館町)
04213,9,　　(旧 522 若柳町)
04213,9,　　(旧 523 栗駒町)
04213,9,　　(旧 524 高清水町)
04213,9,　　(旧 525 一迫町)
04213,9,　　(旧 526 瀬峰町)
04213,9,　　(旧 527 鶯沢町)
04213,9,　　(旧 528 金成町)
04213,9,　　(旧 529 志波姫町)
04213,9,　　(旧 530 花山村)
04214,2,東松島市
04214,9,　　(旧 562 矢本町)
04214,9,　　(旧 566 鳴瀬町)
04215,2,大崎市
04215,9,　　(旧 204 古川市)
04215,9,　　(旧 461 松山町)
04215,9,　　(旧 462 三本木町)
04215,9,　　(旧 463 鹿島台町)
04215,9,　　(旧 481 岩出山町)
04215,9,　　(旧 482 鳴子町)
04215,9,　　(旧 502 田尻町)
04300,c,刈田郡
04301,3,蔵王町
04302,3,七ヶ宿町
04320,c,柴田郡
04321,3,大河原町
04322,3,村田町
04323,3,柴田町
04324,3,川崎町
04340,c,伊具郡
04341,3,丸森町
04360,c,亘理郡
04361,3,亘理町
04362,3,山元町
04400,c,宮城郡
04401,3,松島町
04404,3,七ヶ浜町
04406,3,利府町
04420,c,黒川郡
04421,3,大和町
04422,3,大郷町
04423,3,富谷町
04424,3,大衡村
04440,c,加美郡
04444,3,色麻町
04445,3,加美町
04445,9,　　(旧 441 中新田町)
04445,9,　　(旧 442 小野田町)
04445,9,　　(旧 443 宮崎町)
04500,c,遠田郡
04501,3,涌谷町
04505,3,美里町
04505,9,　　(旧 503 小牛田町)
04505,9,　　(旧 504 南郷町)
04580,c,牡鹿郡
04581,3,女川町
04600,c,本吉郡
04606,3,南三陸町
04606,9,　　(旧 601 志津川町)
04606,9,　　(旧 605 歌津町)
05000,a,秋田県
05001,b,市部
05002,b,郡部
05201,2,秋田市
05201,9,　　(旧 201 秋田市)
05201,9,　　(旧 381 河辺町)
05201,9,　　(旧 382 雄和町)
05202,2,能代市
05202,9,　　(旧 202 能代市)
05202,9,　　(旧 342 二ツ井町)
05203,2,横手市
05203,9,　　(旧 203 横手市)
05203,9,　　(旧 441 増田町)
05203,9,　　(旧 442 平鹿町)
05203,9,　　(旧 443 雄物川町)
05203,9,　　(旧 444 大森町)
05203,9,　　(旧 445 十文字町)
05203,9,　　(旧 446 山内村)
05203,9,　　(旧 447 大雄村)
05204,2,大館市
05204,9,　　(旧 204 大館市)
05204,9,　　(旧 322 比内町)
05204,9,　　(旧 325 田代町)
05206,2,男鹿市
05206,9,　　(旧 206 男鹿市)
05206,9,　　(旧 367 若美町)
05207,2,湯沢市
05207,9,　　(旧 207 湯沢市)
05207,9,　　(旧 461 稲川町)
05207,9,　　(旧 462 雄勝町)
05207,9,　　(旧 465 皆瀬村)
05209,2,鹿角市
05210,2,由利本荘市
05210,9,　　(旧 205 本荘市)
05210,9,　　(旧 404 矢島町)
05210,9,　　(旧 405 岩城町)
05210,9,　　(旧 406 由利町)
05210,9,　　(旧 407 西目町)
05210,9,　　(旧 408 鳥海町)
05210,9,　　(旧 409 東由利町)
05210,9,　　(旧 410 大内町)
05211,2,潟上市
05211,9,　　(旧 362 昭和町)
05211,9,　　(旧 364 飯田川町)
05211,9,　　(旧 365 天王町)
05212,2,大仙市
05212,9,　　(旧 208 大曲市)
05212,9,　　(旧 421 神岡町)
05212,9,　　(旧 422 西仙北町)
05212,9,　　(旧 425 中仙町)
05212,9,　　(旧 427 協和町)
05212,9,　　(旧 428 南外村)
05212,9,　　(旧 429 仙北町)
05212,9,　　(旧 431 太田町)
05213,2,北秋田市
05213,9,　　(旧 321 鷹巣町)
05213,9,　　(旧 323 森吉町)
05213,9,　　(旧 324 阿仁町)
05213,9,　　(旧 326 合川町)
05214,2,にかほ市
05214,9,　　(旧 401 仁賀保町)
05214,9,　　(旧 402 金浦町)
05214,9,　　(旧 403 象潟町)
05215,2,仙北市
05215,9,　　(旧 423 角館町)
05215,9,　　(旧 426 田沢湖町)
05215,9,　　(旧 430 西木村)
05300,c,鹿角郡
05303,3,小坂町
05320,c,北秋田郡
05327,3,上小阿仁村
05340,c,山本郡
05346,3,藤里町
05348,3,三種町
05348,9,　　(旧 341 琴丘町)
05348,9,　　(旧 344 山本町)
05348,9,　　(旧 345 八竜町)
05349,3,八峰町
05349,9,　　(旧 343 八森町)
05349,9,　　(旧 347 峰浜村)
05360,c,南秋田郡
05361,3,五城目町
05363,3,八郎潟町
05366,3,井川町
05368,3,大潟村
05420,c,仙北郡
05434,3,美郷町
05434,9,　　(旧 424 六郷町)
05434,9,　　(旧 432 千畑町)
05434,9,　　(旧 433 仙南村)
05460,c,雄勝郡
05463,3,羽後町
05464,3,東成瀬村
06000,a,山形県
06001,b,市部
06002,b,郡部
06201,2,山形市
06202,2,米沢市
06203,2,鶴岡市
06203,9,　　(旧 203 鶴岡市)
06203,9,　　(旧 423 藤島町)
06203,9,　　(旧 424 羽黒町)
06203,9,　　(旧 425 櫛引町)
06203,9,　　(旧 427 朝日村)
06203,9,　　(旧 441 温海町)
06204,2,酒田市
06204,9,　　(旧 204 酒田市)
06204,9,　　(旧 462 八幡町)
06204,9,　　(旧 463 松山町)
06204,9,　　(旧 464 平田町)
06205,2,新庄市
06206,2,寒河江市
06207,2,上山市
06208,2,村山市
06209,2,長井市
06210,2,天童市
06211,2,東根市
06212,2,尾花沢市
06213,2,南陽市
06300,c,東村山郡
06301,3,山辺町
06302,3,中山町
06320,c,西村山郡
06321,3,河北町
06322,3,西川町
06323,3,朝日町
06324,3,大江町
06340,c,北村山郡
06341,3,大石田町
06360,c,最上郡
06361,3,金山町
06362,3,最上町
06363,3,舟形町
06364,3,真室川町
06365,3,大蔵村
06366,3,鮭川村
06367,3,戸沢村
06380,c,東置賜郡
06381,3,高畠町
06382,3,川西町
06400,c,西置賜郡
06401,3,小国町
06402,3,白鷹町
06403,3,飯豊町
06420,c,東田川郡
06426,3,三川町
06428,3,庄内町
06428,9,　　(旧 421 立川町)
06428,9,　　(旧 422 余目町)
06460,c,飽海郡
06461,3,遊佐町
07000,a,福島県
07001,b,市部
07002,b,郡部
07201,2,福島市
07201,9,　　(旧 201 福島市)
07201,9,　　(旧 309 飯野町)
07202,2,会津若松市
07202,9,　　(旧 202 会津若松市)
07202,9,　　(旧 381 北会津村)
07202,9,　　(旧 424 河東町)
07203,2,郡山市
07204,2,いわき市
07205,2,白河市
07205,9,　　(旧 205 白河市)
07205,9,　　(旧 462 表郷村)
07205,9,　　(旧 463 東村)
07205,9,　　(旧 467 大信村)
07207,2,須賀川市
07207,9,　　(旧 207 須賀川市)
07207,9,　　(旧 341 長沼町)
07207,9,　　(旧 343 岩瀬村)
07208,2,喜多方市
07208,9,　　(旧 208 喜多方市)
07208,9,　　(旧 401 熱塩加納村)
07208,9,　　(旧 403 塩川町)
07208,9,　　(旧 404 山都町)
07208,9,　　(旧 406 高郷村)
07209,2,相馬市
07210,2,二本松市
07210,9,　　(旧 210 二本松市)
07210,9,　　(旧 321 安達町)
07210,9,　　(旧 325 岩代町)
07210,9,　　(旧 326 東和町)
07211,2,田村市
07211,9,　　(旧 523 滝根町)
07211,9,　　(旧 524 大越町)
07211,9,　　(旧 525 都路村)
07211,9,　　(旧 526 常葉町)
07211,9,　　(旧 527 船引町)
07212,2,南相馬市
07212,9,　　(旧 206 原町市)
07212,9,　　(旧 562 鹿島町)
07212,9,　　(旧 563 小高町)
07213,2,伊達市
07213,9,　　(旧 302 伊達町)
07213,9,　　(旧 304 梁川町)
07213,9,　　(旧 305 保原町)
07213,9,　　(旧 306 霊山町)
07213,9,　　(旧 307 月舘町)
07214,2,本宮市
07214,9,　　(旧 323 本宮町)
07214,9,　　(旧 324 白沢村)
07300,c,伊達郡
07301,3,桑折町
07303,3,国見町
07308,3,川俣町
07320,c,安達郡
07322,3,大玉村
07340,c,岩瀬郡
07342,3,鏡石町
07344,3,天栄村
07360,c,南会津郡
07362,3,下郷町
07364,3,檜枝岐村
07367,3,只見町
07368,3,南会津町
07368,9,　　(旧 361 田島町)
07368,9,　　(旧 363 舘岩村)
07368,9,　　(旧 365 伊南村)
07368,9,　　(旧 366 南郷村)
07400,c,耶麻郡
07402,3,北塩原村
07405,3,西会津町
07407,3,磐梯町
07408,3,猪苗代町
07420,c,河沼郡
07421,3,会津坂下町
07422,3,湯川村
07423,3,柳津町
07440,c,大沼郡
07444,3,三島町
07445,3,金山町
07446,3,昭和村
07447,3,会津美里町
07447,9,　　(旧 441 会津高田町)
07447,9,　　(旧 442 会津本郷町)
07447,9,　　(旧 443 新鶴村)
07460,c,西白河郡
07461,3,西郷村
07464,3,泉崎村
07465,3,中島村
07466,3,矢吹町
07480,c,東白川郡
07481,3,棚倉町
07482,3,矢祭町
07483,3,塙町
07484,3,鮫川村
07500,c,石川郡
07501,3,石川町
07502,3,玉川村
07503,3,平田村
07504,3,浅川町
07505,3,古殿町
07520,c,田村郡
07521,3,三春町
07522,3,小野町
07540,c,双葉郡
07541,3,広野町
07542,3,楢葉町
07543,3,富岡町
07544,3,川内村
07545,3,大熊町
07546,3,双葉町
07547,3,浪江町
07548,3,葛尾村
07560,c,相馬郡
07561,3,新地町
07564,3,飯舘村
08000,a,茨城県
08001,b,市部
08002,b,郡部
08201,2,水戸市
08201,9,　　(旧 201 水戸市)
08201,9,　　(旧 305 内原町)
08202,2,日立市
08202,9,　　(旧 202 日立市)
08202,9,　　(旧 381 十王町)
08203,2,土浦市
08203,9,　　(旧 203 土浦市)
08203,9,　　(旧 465 新治村)
08204,2,古河市
08204,9,　　(旧 204 古河市)
08204,9,　　(旧 541 総和町)
08204,9,　　(旧 543 三和町)
08205,2,石岡市
08205,9,　　(旧 205 石岡市)
08205,9,　　(旧 463 八郷町)
08207,2,結城市
08208,2,龍ケ崎市
08210,2,下妻市
08210,9,　　(旧 210 下妻市)
08210,9,　　(旧 522 千代川村)
08211,2,常総市
08211,9,　　(旧 211 水海道市)
08211,9,　　(旧 523 石下町)
08212,2,常陸太田市
08212,9,　　(旧 212 常陸太田市)
08212,9,　　(旧 361 金砂郷町)
08212,9,　　(旧 362 水府村)
08212,9,　　(旧 363 里美村)
08214,2,高萩市
08215,2,北茨城市
08216,2,笠間市
08216,9,　　(旧 216 笠間市)
08216,9,　　(旧 321 友部町)
08216,9,　　(旧 322 岩間町)
08217,2,取手市
08217,9,　　(旧 217 取手市)
08217,9,　　(旧 563 藤代町)
08219,2,牛久市
08220,2,つくば市
08220,9,　　(旧 220 つくば市)
08220,9,　　(旧 445 茎崎町)
08221,2,ひたちなか市
08222,2,鹿嶋市
08223,2,潮来市
08223,9,　　(旧 422 牛堀町)
08223,9,　　(旧 423 潮来町)
08224,2,守谷市
08224,9,　　(旧 561 守谷町)
08225,2,常陸大宮市
08225,9,　　(旧 308 御前山村)
08225,9,　　(旧 344 大宮町)
08225,9,　　(旧 345 山方町)
08225,9,　　(旧 346 美和村)
08225,9,　　(旧 347 緒川村)
08226,2,那珂市
08226,9,　　(旧 342 那珂町)
08226,9,　　(旧 343 瓜連町)
08227,2,筑西市
08227,9,　　(旧 206 下館市)
08227,9,　　(旧 501 関城町)
08227,9,　　(旧 502 明野町)
08227,9,　　(旧 505 協和町)
08228,2,坂東市
08228,9,　　(旧 218 岩井市)
08228,9,　　(旧 544 猿島町)
08229,2,稲敷市
08229,9,　　(旧 441 江戸崎町)
08229,9,　　(旧 446 新利根町)
08229,9,　　(旧 448 桜川村)
08229,9,　　(旧 449 東町)
08230,2,かすみがうら市
08230,9,　　(旧 461 霞ヶ浦町)
08230,9,　　(旧 464 千代田町)
08231,2,桜川市
08231,9,　　(旧 324 岩瀬町)
08231,9,　　(旧 503 真壁町)
08231,9,　　(旧 504 大和村)
08232,2,神栖市
08232,9,　　(旧 406 神栖町)
08232,9,　　(旧 407 波崎町)
08233,2,行方市
08233,9,　　(旧 421 麻生町)
08233,9,　　(旧 424 北浦町)
08233,9,　　(旧 425 玉造町)
08234,2,鉾田市
08234,9,　　(旧 401 旭村)
08234,9,　　(旧 402 鉾田町)
08234,9,　　(旧 403 大洋村)
08235,2,つくばみらい市
08235,9,　　(旧 482 伊奈町)
08235,9,　　(旧 483 谷和原村)
08236,2,小美玉市
08236,9,　　(旧 303 小川町)
08236,9,　　(旧 304 美野里町)
08236,9,　　(旧 462 玉里村)
08300,c,東茨城郡
08302,3,茨城町
08309,3,大洗町
08310,3,城里町
08310,9,　　(旧 306 常北町)
08310,9,　　(旧 307 桂村)
08310,9,　　(旧 323 七会村)
08340,c,那珂郡
08341,3,東海村
08360,c,久慈郡
08364,3,大子町
08440,c,稲敷郡
08442,3,美浦村
08443,3,阿見町
08447,3,河内町
08520,c,結城郡
08521,3,八千代町
08540,c,猿島郡
08542,3,五霞町
08546,3,境町
08560,c,北相馬郡
08564,3,利根町
09000,a,栃木県
09001,b,市部
09002,b,郡部
09201,2,宇都宮市
09201,9,　　(旧 201 宇都宮市)
09201,9,　　(旧 303 上河内町)
09201,9,　　(旧 304 河内町)
09202,2,足利市
09203,2,栃木市
09203,9,　　(旧 203 栃木市)
09203,9,　　(旧 321 西方町)
09203,9,　　(旧 365 大平町)
09203,9,　　(旧 366 藤岡町)
09203,9,　　(旧 367 岩舟町)
09203,9,　　(旧 368 都賀町)
09204,2,佐野市
09204,9,　　(旧 204 佐野市)
09204,9,　　(旧 421 田沼町)
09204,9,　　(旧 422 葛生町)
09205,2,鹿沼市
09205,9,　　(旧 205 鹿沼市)
09205,9,　　(旧 322 粟野町)
09206,2,日光市
09206,9,　　(旧 206 日光市)
09206,9,　　(旧 207 今市市)
09206,9,　　(旧 323 足尾町)
09206,9,　　(旧 382 栗山村)
09206,9,　　(旧 383 藤原町)
09208,2,小山市
09209,2,真岡市
09209,9,　　(旧 209 真岡市)
09209,9,　　(旧 341 二宮町)
09210,2,大田原市
09210,9,　　(旧 210 大田原市)
09210,9,　　(旧 405 湯津上村)
09210,9,　　(旧 406 黒羽町)
09211,2,矢板市
09213,2,那須塩原市
09213,9,　　(旧 212 黒磯市)
09213,9,　　(旧 409 西那須野町)
09213,9,　　(旧 410 塩原町)
09214,2,さくら市
09214,9,　　(旧 385 氏家町)
09214,9,　　(旧 387 喜連川町)
09215,2,那須烏山市
09215,9,　　(旧 401 南那須町)
09215,9,　　(旧 402 烏山町)
09216,2,下野市
09216,9,　　(旧 302 南河内町)
09216,9,　　(旧 362 石橋町)
09216,9,　　(旧 363 国分寺町)
09300,c,河内郡
09301,3,上三川町
09340,c,芳賀郡
09342,3,益子町
09343,3,茂木町
09344,3,市貝町
09345,3,芳賀町
09360,c,下都賀郡
09361,3,壬生町
09364,3,野木町
09380,c,塩谷郡
09384,3,塩谷町
09386,3,高根沢町
09400,c,那須郡
09407,3,那須町
09411,3,那珂川町
09411,9,　　(旧 403 馬頭町)
09411,9,　　(旧 404 小川町)
10000,a,群馬県
10001,b,市部
10002,b,郡部
10201,2,前橋市
10201,9,　　(旧 201 前橋市)
10201,9,　　(旧 303 富士見村)
10201,9,　　(旧 304 大胡町)
10201,9,　　(旧 305 宮城村)
10201,9,　　(旧 306 粕川村)
10202,2,高崎市
10202,9,　　(旧 202 高崎市)
10202,9,　　(旧 321 榛名町)
10202,9,　　(旧 322 倉渕村)
10202,9,　　(旧 323 箕郷町)
10202,9,　　(旧 324 群馬町)
10202,9,　　(旧 361 新町)
10202,9,　　(旧 363 吉井町)
10203,2,桐生市
10203,9,　　(旧 203 桐生市)
10203,9,　　(旧 307 新里村)
10203,9,　　(旧 308 黒保根村)
10204,2,伊勢崎市
10204,9,　　(旧 204 伊勢崎市)
10204,9,　　(旧 461 赤堀町)
10204,9,　　(旧 462 東村)
10204,9,　　(旧 463 境町)
10205,2,太田市
10205,9,　　(旧 205 太田市)
10205,9,　　(旧 481 尾島町)
10205,9,　　(旧 482 新田町)
10205,9,　　(旧 483 藪塚本町)
10206,2,沼田市
10206,9,　　(旧 206 沼田市)
10206,9,　　(旧 441 白沢村)
10206,9,　　(旧 442 利根村)
10207,2,館林市
10208,2,渋川市
10208,9,　　(旧 208 渋川市)
10208,9,　　(旧 301 北橘村)
10208,9,　　(旧 302 赤城村)
10208,9,　　(旧 341 子持村)
10208,9,　　(旧 342 小野上村)
10208,9,　　(旧 343 伊香保町)
10209,2,藤岡市
10209,9,　　(旧 209 藤岡市)
10209,9,　　(旧 362 鬼石町)
10210,2,富岡市
10210,9,　　(旧 210 富岡市)
10210,9,　　(旧 381 妙義町)
10211,2,安中市
10211,9,　　(旧 211 安中市)
10211,9,　　(旧 401 松井田町)
10212,2,みどり市
10212,9,　　(旧 309 東村)
10212,9,　　(旧 484 笠懸町)
10212,9,　　(旧 501 大間々町)
10340,c,北群馬郡
10344,3,榛東村
10345,3,吉岡町
10360,c,多野郡
10366,3,上野村
10367,3,神流町
10367,9,　　(旧 364 万場町)
10367,9,　　(旧 365 中里村)
10380,c,甘楽郡
10382,3,下仁田町
10383,3,南牧村
10384,3,甘楽町
10420,c,吾妻郡
10421,3,中之条町
10421,9,　　(旧 421 中之条町)
10421,9,　　(旧 427 六合村)
10424,3,長野原町
10425,3,嬬恋村
10426,3,草津町
10428,3,高山村
10429,3,東吾妻町
10429,9,　　(旧 422 東村)
10429,9,　　(旧 423 吾妻町)
10440,c,利根郡
10443,3,片品村
10444,3,川場村
10448,3,昭和村
10449,3,みなかみ町
10449,9,　　(旧 445 月夜野町)
10449,9,　　(旧 446 水上町)
10449,9,　　(旧 447 新治村)
10460,c,佐波郡
10464,3,玉村町
10520,c,邑楽郡
10521,3,板倉町
10522,3,明和町
10523,3,千代田町
10524,3,大泉町
10525,3,邑楽町
11000,a,埼玉県
11001,b,市部
11002,b,郡部
11100,1,さいたま市
11100,9,　　(旧 204 浦和市)
11100,9,　　(旧 205 大宮市)
11100,9,　　(旧 213 岩槻市)
11100,9,　　(旧 220 与野市)
11101,0,さいたま市 西区
11102,0,さいたま市 北区
11103,0,さいたま市 大宮区
11104,0,さいたま市 見沼区
11105,0,さいたま市 中央区
11106,0,さいたま市 桜区
11107,0,さいたま市 浦和区
11108,0,さいたま市 南区
11109,0,さいたま市 緑区
11110,0,さいたま市 岩槻区
11201,2,川越市
11202,2,熊谷市
11202,9,　　(旧 202 熊谷市)
11202,9,　　(旧 401 大里村)
11202,9,　　(旧 402 江南町)
11202,9,　　(旧 403 妻沼町)
11203,2,川口市
11203,9,　　(旧 203 川口市)
11203,9,　　(旧 226 鳩ヶ谷市)
11206,2,行田市
11206,9,　　(旧 206 行田市)
11206,9,　　(旧 422 南河原村)
11207,2,秩父市
11207,9,　　(旧 207 秩父市)
11207,9,　　(旧 364 吉田町)
11207,9,　　(旧 367 大滝村)
11207,9,　　(旧 368 荒川村)
11208,2,所沢市
11209,2,飯能市
11209,9,　　(旧 209 飯能市)
11209,9,　　(旧 330 名栗村)
11210,2,加須市
11210,9,　　(旧 210 加須市)
11210,9,　　(旧 421 騎西町)
11210,9,　　(旧 424 北川辺町)
11210,9,　　(旧 425 大利根町)
11211,2,本庄市
11211,9,　　(旧 211 本庄市)
11211,9,　　(旧 382 児玉町)
11212,2,東松山市
11214,2,春日部市
11214,9,　　(旧 214 春日部市)
11214,9,　　(旧 468 庄和町)
11215,2,狭山市
11216,2,羽生市
11217,2,鴻巣市
11217,9,　　(旧 217 鴻巣市)
11217,9,　　(旧 304 吹上町)
11217,9,　　(旧 423 川里村)
11218,2,深谷市
11218,9,　　(旧 218 深谷市)
11218,9,　　(旧 405 岡部町)
11218,9,　　(旧 406 川本町)
11218,9,　　(旧 407 花園町)
11219,2,上尾市
11221,2,草加市
11222,2,越谷市
11223,2,蕨市
11224,2,戸田市
11225,2,入間市
11227,2,朝霞市
11228,2,志木市
11229,2,和光市
11230,2,新座市
11231,2,桶川市
11232,2,久喜市
11232,9,　　(旧 232 久喜市)
11232,9,　　(旧 446 菖蒲町)
11232,9,　　(旧 461 栗橋町)
11232,9,　　(旧 462 鷲宮町)
11233,2,北本市
11234,2,八潮市
11235,2,富士見市
11237,2,三郷市
11238,2,蓮田市
11239,2,坂戸市
11240,2,幸手市
11241,2,鶴ヶ島市
11242,2,日高市
11243,2,吉川市
11245,2,ふじみ野市
11245,9,　　(旧 236 上福岡市)
11245,9,　　(旧 322 大井町)
11246,2,白岡市
11246,9,　　(旧 445 白岡町)
11300,c,北足立郡
11301,3,伊奈町
11320,c,入間郡
11324,3,三芳町
11326,3,毛呂山町
11327,3,越生町
11340,c,比企郡
11341,3,滑川町
11342,3,嵐山町
11343,3,小川町
11346,3,川島町
11347,3,吉見町
11348,3,鳩山町
11349,3,ときがわ町
11349,9,　　(旧 344 都幾川村)
11349,9,　　(旧 345 玉川村)
11360,c,秩父郡
11361,3,横瀬町
11362,3,皆野町
11363,3,長瀞町
11365,3,小鹿野町
11365,9,　　(旧 365 小鹿野町)
11365,9,　　(旧 366 両神村)
11369,3,東秩父村
11380,c,児玉郡
11381,3,美里町
11383,3,神川町
11383,9,　　(旧 383 神川町)
11383,9,　　(旧 384 神泉村)
11385,3,上里町
11400,c,大里郡
11408,3,寄居町
11440,c,南埼玉郡
11442,3,宮代町
11460,c,北葛飾郡
11464,3,杉戸町
11465,3,松伏町
12000,a,千葉県
12001,b,市部
12002,b,郡部
12100,1,千葉市
12101,0,千葉市 中央区
12102,0,千葉市 花見川区
12103,0,千葉市 稲毛区
12104,0,千葉市 若葉区
12105,0,千葉市 緑区
12106,0,千葉市 美浜区
12202,2,銚子市
12203,2,市川市
12204,2,船橋市
12205,2,館山市
12206,2,木更津市
12207,2,松戸市
12208,2,野田市
12208,9,　　(旧 208 野田市)
12208,9,　　(旧 303 関宿町)
12210,2,茂原市
12211,2,成田市
12211,9,　　(旧 211 成田市)
12211,9,　　(旧 341 下総町)
12211,9,　　(旧 343 大栄町)
12212,2,佐倉市
12213,2,東金市
12215,2,旭市
12215,9,　　(旧 215 旭市)
12215,9,　　(旧 348 干潟町)
12215,9,　　(旧 361 海上町)
12215,9,　　(旧 362 飯岡町)
12216,2,習志野市
12217,2,柏市
12217,9,　　(旧 217 柏市)
12217,9,　　(旧 305 沼南町)
12218,2,勝浦市
12219,2,市原市
12220,2,流山市
12221,2,八千代市
12222,2,我孫子市
12223,2,鴨川市
12223,9,　　(旧 223 鴨川市)
12223,9,　　(旧 472 天津小湊町)
12224,2,鎌ケ谷市
12225,2,君津市
12226,2,富津市
12227,2,浦安市
12228,2,四街道市
12229,2,袖ケ浦市
12230,2,八街市
12231,2,印西市
12231,9,　　(旧 231 印西市)
12231,9,　　(旧 325 印旛村)
12231,9,　　(旧 328 本埜村)
12232,2,白井市
12232,9,　　(旧 326 白井町)
12233,2,富里市
12233,9,　　(旧 324 富里町)
12234,2,南房総市
12234,9,　　(旧 461 富浦町)
12234,9,　　(旧 462 富山町)
12234,9,　　(旧 464 三芳村)
12234,9,　　(旧 465 白浜町)
12234,9,　　(旧 466 千倉町)
12234,9,　　(旧 467 丸山町)
12234,9,　　(旧 468 和田町)
12235,2,匝瑳市
12235,9,　　(旧 214 八日市場市)
12235,9,　　(旧 382 野栄町)
12236,2,香取市
12236,9,　　(旧 209 佐原市)
12236,9,　　(旧 344 小見川町)
12236,9,　　(旧 345 山田町)
12236,9,　　(旧 346 栗源町)
12237,2,山武市
12237,9,　　(旧 404 成東町)
12237,9,　　(旧 405 山武町)
12237,9,　　(旧 406 蓮沼村)
12237,9,　　(旧 407 松尾町)
12238,2,いすみ市
12238,9,　　(旧 442 夷隅町)
12238,9,　　(旧 444 大原町)
12238,9,　　(旧 445 岬町)
12239,2,大網白里市
12239,9,　　(旧 402 大網白里町)
12320,c,印旛郡
12322,3,酒々井町
12329,3,栄町
12340,c,香取郡
12342,3,神崎町
12347,3,多古町
12349,3,東庄町
12400,c,山武郡
12403,3,九十九里町
12409,3,芝山町
12410,3,横芝光町
12410,9,　　(旧 381 光町)
12410,9,　　(旧 408 横芝町)
12420,c,長生郡
12421,3,一宮町
12422,3,睦沢町
12423,3,長生村
12424,3,白子町
12426,3,長柄町
12427,3,長南町
12440,c,夷隅郡
12441,3,大多喜町
12443,3,御宿町
12460,c,安房郡
12463,3,鋸南町
13000,a,東京都
13001,b,市部
13002,b,郡部
13100,1,特別区部
13101,0,千代田区
13102,0,中央区
13103,0,港区
13104,0,新宿区
13105,0,文京区
13106,0,台東区
13107,0,墨田区
13108,0,江東区
13109,0,品川区
13110,0,目黒区
13111,0,大田区
13112,0,世田谷区
13113,0,渋谷区
13114,0,中野区
13115,0,杉並区
13116,0,豊島区
13117,0,北区
13118,0,荒川区
13119,0,板橋区
13120,0,練馬区
13121,0,足立区
13122,0,葛飾区
13123,0,江戸川区
13201,2,八王子市
13202,2,立川市
13203,2,武蔵野市
13204,2,三鷹市
13205,2,青梅市
13206,2,府中市
13207,2,昭島市
13208,2,調布市
13209,2,町田市
13210,2,小金井市
13211,2,小平市
13212,2,日野市
13213,2,東村山市
13214,2,国分寺市
13215,2,国立市
13218,2,福生市
13219,2,狛江市
13220,2,東大和市
13221,2,清瀬市
13222,2,東久留米市
13223,2,武蔵村山市
13224,2,多摩市
13225,2,稲城市
13227,2,羽村市
13228,2,あきる野市
13229,2,西東京市
13229,9,　　(旧 216 田無市)
13229,9,　　(旧 217 保谷市)
13300,c,西多摩郡
13303,3,瑞穂町
13305,3,日の出町
13307,3,檜原村
13308,3,奥多摩町
13360,c,大島支庁
13361,3,大島町
13362,3,利島村
13363,3,新島村
13364,3,神津島村
13380,c,三宅支庁
13381,3,三宅村
13382,3,御蔵島村
13400,c,八丈支庁
13401,3,八丈町
13402,3,青ヶ島村
13420,c,小笠原支庁
13421,3,小笠原村
14000,a,神奈川県
14001,b,市部
14002,b,郡部
14100,1,横浜市
14101,0,横浜市 鶴見区
14102,0,横浜市 神奈川区
14103,0,横浜市 西区
14104,0,横浜市 中区
14105,0,横浜市 南区
14106,0,横浜市 保土ケ谷区
14107,0,横浜市 磯子区
14108,0,横浜市 金沢区
14109,0,横浜市 港北区
14110,0,横浜市 戸塚区
14111,0,横浜市 港南区
14112,0,横浜市 旭区
14113,0,横浜市 緑区
14114,0,横浜市 瀬谷区
14115,0,横浜市 栄区
14116,0,横浜市 泉区
14117,0,横浜市 青葉区
14118,0,横浜市 都筑区
14130,1,川崎市
14131,0,川崎市 川崎区
14132,0,川崎市 幸区
14133,0,川崎市 中原区
14134,0,川崎市 高津区
14135,0,川崎市 多摩区
14136,0,川崎市 宮前区
14137,0,川崎市 麻生区
14150,1,相模原市
14150,9,　　(旧 209 相模原市)
14150,9,　　(旧 421 城山町)
14150,9,　　(旧 422 津久井町)
14150,9,　　(旧 423 相模湖町)
14150,9,　　(旧 424 藤野町)
14151,0,相模原市 緑区
14152,0,相模原市 中央区
14153,0,相模原市 南区
14201,2,横須賀市
14203,2,平塚市
14204,2,鎌倉市
14205,2,藤沢市
14206,2,小田原市
14207,2,茅ヶ崎市
14208,2,逗子市
14210,2,三浦市
14211,2,秦野市
14212,2,厚木市
14213,2,大和市
14214,2,伊勢原市
14215,2,海老名市
14216,2,座間市
14217,2,南足柄市
14218,2,綾瀬市
14300,c,三浦郡
14301,3,葉山町
14320,c,高座郡
14321,3,寒川町
14340,c,中郡
14341,3,大磯町
14342,3,二宮町
14360,c,足柄上郡
14361,3,中井町
14362,3,大井町
14363,3,松田町
14364,3,山北町
14366,3,開成町
14380,c,足柄下郡
14382,3,箱根町
14383,3,真鶴町
14384,3,湯河原町
14400,c,愛甲郡
14401,3,愛川町
14402,3,清川村
15000,a,新潟県
15001,b,市部
15002,b,郡部
15100,1,新潟市
15100,9,　　(旧 201 新潟市)
15100,9,　　(旧 207 新津市)
15100,9,　　(旧 220 白根市)
15100,9,　　(旧 221 豊栄市)
15100,9,　　(旧 321 小須戸町)
15100,9,　　(旧 323 横越町)
15100,9,　　(旧 324 亀田町)
15100,9,　　(旧 341 岩室村)
15100,9,　　(旧 345 巻町)
15100,9,　　(旧 346 西川町)
15100,9,　　(旧 347 黒埼町)
15100,9,　　(旧 348 味方村)
15100,9,　　(旧 349 潟東村)
15100,9,　　(旧 350 月潟村)
15100,9,　　(旧 351 中之口村)
15101,0,新潟市 北区
15102,0,新潟市 東区
15103,0,新潟市 中央区
15104,0,新潟市 江南区
15105,0,新潟市 秋葉区
15106,0,新潟市 南区
15107,0,新潟市 西区
15108,0,新潟市 西蒲区
15202,2,長岡市
15202,9,　　(旧 202 長岡市)
15202,9,　　(旧 215 栃尾市)
15202,9,　　(旧 364 中之島町)
15202,9,　　(旧 401 越路町)
15202,9,　　(旧 402 三島町)
15202,9,　　(旧 403 与板町)
15202,9,　　(旧 404 和島村)
15202,9,　　(旧 406 寺泊町)
15202,9,　　(旧 421 山古志村)
15202,9,　　(旧 441 川口町)
15202,9,　　(旧 502 小国町)
15204,2,三条市
15204,9,　　(旧 204 三条市)
15204,9,　　(旧 362 下田村)
15204,9,　　(旧 363 栄町)
15205,2,柏崎市
15205,9,　　(旧 205 柏崎市)
15205,9,　　(旧 501 高柳町)
15205,9,　　(旧 505 西山町)
15206,2,新発田市
15206,9,　　(旧 206 新発田市)
15206,9,　　(旧 306 豊浦町)
15206,9,　　(旧 308 加治川村)
15206,9,　　(旧 309 紫雲寺町)
15208,2,小千谷市
15209,2,加茂市
15210,2,十日町市
15210,9,　　(旧 210 十日町市)
15210,9,　　(旧 481 川西町)
15210,9,　　(旧 483 中里村)
15210,9,　　(旧 523 松代町)
15210,9,　　(旧 524 松之山町)
15211,2,見附市
15212,2,村上市
15212,9,　　(旧 212 村上市)
15212,9,　　(旧 582 荒川町)
15212,9,　　(旧 583 神林村)
15212,9,　　(旧 584 朝日村)
15212,9,　　(旧 585 山北町)
15213,2,燕市
15213,9,　　(旧 213 燕市)
15213,9,　　(旧 343 分水町)
15213,9,　　(旧 344 吉田町)
15216,2,糸魚川市
15216,9,　　(旧 216 糸魚川市)
15216,9,　　(旧 562 能生町)
15216,9,　　(旧 563 青海町)
15217,2,妙高市
15217,9,　　(旧 217 新井市)
15217,9,　　(旧 545 妙高高原町)
15217,9,　　(旧 547 妙高村)
15218,2,五泉市
15218,9,　　(旧 218 五泉市)
15218,9,　　(旧 322 村松町)
15222,2,上越市
15222,9,　　(旧 222 上越市)
15222,9,　　(旧 521 安塚町)
15222,9,　　(旧 522 浦川原村)
15222,9,　　(旧 525 大島村)
15222,9,　　(旧 526 牧村)
15222,9,　　(旧 541 柿崎町)
15222,9,　　(旧 542 大潟町)
15222,9,　　(旧 543 頸城村)
15222,9,　　(旧 544 吉川町)
15222,9,　　(旧 546 中郷村)
15222,9,　　(旧 548 板倉町)
15222,9,　　(旧 549 清里村)
15222,9,　　(旧 550 三和村)
15222,9,　　(旧 561 名立町)
15223,2,阿賀野市
15223,9,　　(旧 301 安田町)
15223,9,　　(旧 302 京ケ瀬村)
15223,9,　　(旧 303 水原町)
15223,9,　　(旧 304 笹神村)
15224,2,佐渡市
15224,9,　　(旧 219 両津市)
15224,9,　　(旧 601 相川町)
15224,9,　　(旧 602 佐和田町)
15224,9,　　(旧 603 金井町)
15224,9,　　(旧 604 新穂村)
15224,9,　　(旧 605 畑野町)
15224,9,　　(旧 606 真野町)
15224,9,　　(旧 607 小木町)
15224,9,　　(旧 608 羽茂町)
15224,9,　　(旧 609 赤泊村)
15225,2,魚沼市
15225,9,　　(旧 442 堀之内町)
15225,9,　　(旧 443 小出町)
15225,9,　　(旧 444 湯之谷村)
15225,9,　　(旧 445 広神村)
15225,9,　　(旧 446 守門村)
15225,9,　　(旧 447 入広瀬村)
15226,2,南魚沼市
15226,9,　　(旧 462 塩沢町)
15226,9,　　(旧 463 六日町)
15226,9,　　(旧 464 大和町)
15227,2,胎内市
15227,9,　　(旧 310 中条町)
15227,9,　　(旧 311 黒川村)
15300,c,北蒲原郡
15307,3,聖籠町
15340,c,西蒲原郡
15342,3,弥彦村
15360,c,南蒲原郡
15361,3,田上町
15380,c,東蒲原郡
15385,3,阿賀町
15385,9,　　(旧 381 津川町)
15385,9,　　(旧 382 鹿瀬町)
15385,9,　　(旧 383 上川村)
15385,9,　　(旧 384 三川村)
15400,c,三島郡
15405,3,出雲崎町
15460,c,南魚沼郡
15461,3,湯沢町
15480,c,中魚沼郡
15482,3,津南町
15500,c,刈羽郡
15504,3,刈羽村
15580,c,岩船郡
15581,3,関川村
15586,3,粟島浦村
16000,a,富山県
16001,b,市部
16002,b,郡部
16201,2,富山市
16201,9,　　(旧 201 富山市)
16201,9,　　(旧 301 大沢野町)
16201,9,　　(旧 302 大山町)
16201,9,　　(旧 361 八尾町)
16201,9,　　(旧 362 婦中町)
16201,9,　　(旧 363 山田村)
16201,9,　　(旧 364 細入村)
16202,2,高岡市
16202,9,　　(旧 202 高岡市)
16202,9,　　(旧 422 福岡町)
16204,2,魚津市
16205,2,氷見市
16206,2,滑川市
16207,2,黒部市
16207,9,　　(旧 207 黒部市)
16207,9,　　(旧 341 宇奈月町)
16208,2,砺波市
16208,9,　　(旧 208 砺波市)
16208,9,　　(旧 405 庄川町)
16209,2,小矢部市
16210,2,南砺市
16210,9,　　(旧 401 城端町)
16210,9,　　(旧 402 平村)
16210,9,　　(旧 403 上平村)
16210,9,　　(旧 404 利賀村)
16210,9,　　(旧 406 井波町)
16210,9,　　(旧 407 井口村)
16210,9,　　(旧 408 福野町)
16210,9,　　(旧 421 福光町)
16211,2,射水市
16211,9,　　(旧 203 新湊市)
16211,9,　　(旧 381 小杉町)
16211,9,　　(旧 382 大門町)
16211,9,　　(旧 383 下村)
16211,9,　　(旧 384 大島町)
16320,c,中新川郡
16321,3,舟橋村
16322,3,上市町
16323,3,立山町
16340,c,下新川郡
16342,3,入善町
16343,3,朝日町
17000,a,石川県
17001,b,市部
17002,b,郡部
17201,2,金沢市
17202,2,七尾市
17202,9,　　(旧 202 七尾市)
17202,9,　　(旧 401 田鶴浜町)
17202,9,　　(旧 403 中島町)
17202,9,　　(旧 405 能登島町)
17203,2,小松市
17204,2,輪島市
17204,9,　　(旧 204 輪島市)
17204,9,　　(旧 422 門前町)
17205,2,珠洲市
17206,2,加賀市
17206,9,　　(旧 206 加賀市)
17206,9,　　(旧 301 山中町)
17207,2,羽咋市
17209,2,かほく市
17209,9,　　(旧 362 高松町)
17209,9,　　(旧 363 七塚町)
17209,9,　　(旧 364 宇ノ気町)
17210,2,白山市
17210,9,　　(旧 208 松任市)
17210,9,　　(旧 342 美川町)
17210,9,　　(旧 343 鶴来町)
17210,9,　　(旧 345 河内村)
17210,9,　　(旧 346 吉野谷村)
17210,9,　　(旧 347 鳥越村)
17210,9,　　(旧 348 尾口村)
17210,9,　　(旧 349 白峰村)
17211,2,能美市
17211,9,　　(旧 321 根上町)
17211,9,　　(旧 322 寺井町)
17211,9,　　(旧 323 辰口町)
17212,2,野々市市
17212,9,　　(旧 344 野々市町)
17320,c,能美郡
17324,3,川北町
17360,c,河北郡
17361,3,津幡町
17365,3,内灘町
17380,c,羽咋郡
17384,3,志賀町
17384,9,　　(旧 382 富来町)
17384,9,　　(旧 384 志賀町)
17386,3,宝達志水町
17386,9,　　(旧 383 志雄町)
17386,9,　　(旧 385 押水町)
17400,c,鹿島郡
17407,3,中能登町
17407,9,　　(旧 402 鳥屋町)
17407,9,　　(旧 404 鹿島町)
17407,9,　　(旧 406 鹿西町)
17460,c,鳳珠郡
17461,3,穴水町
17461,9,　　(旧 421 穴水町)
17463,3,能登町
17463,9,　　(旧 423 能都町)
17463,9,　　(旧 424 柳田村)
17463,9,　　(旧 441 内浦町)
18000,a,福井県
18001,b,市部
18002,b,郡部
18201,2,福井市
18201,9,　　(旧 201 福井市)
18201,9,　　(旧 302 美山町)
18201,9,　　(旧 424 越廼村)
18201,9,　　(旧 426 清水町)
18202,2,敦賀市
18204,2,小浜市
18205,2,大野市
18205,9,　　(旧 205 大野市)
18205,9,　　(旧 342 和泉村)
18206,2,勝山市
18207,2,鯖江市
18208,2,あわら市
18208,9,　　(旧 362 芦原町)
18208,9,　　(旧 363 金津町)
18209,2,越前市
18209,9,　　(旧 203 武生市)
18209,9,　　(旧 381 今立町)
18210,2,坂井市
18210,9,　　(旧 361 三国町)
18210,9,　　(旧 364 丸岡町)
18210,9,　　(旧 365 春江町)
18210,9,　　(旧 366 坂井町)
18320,c,吉田郡
18322,3,永平寺町
18322,9,　　(旧 321 松岡町)
18322,9,　　(旧 322 永平寺町)
18322,9,　　(旧 323 上志比村)
18380,c,今立郡
18382,3,池田町
18400,c,南条郡
18404,3,南越前町
18404,9,　　(旧 401 南条町)
18404,9,　　(旧 402 今庄町)
18404,9,　　(旧 403 河野村)
18420,c,丹生郡
18423,3,越前町
18423,9,　　(旧 421 朝日町)
18423,9,　　(旧 422 宮崎村)
18423,9,　　(旧 423 越前町)
18423,9,　　(旧 425 織田町)
18440,c,三方郡
18442,3,美浜町
18480,c,大飯郡
18481,3,高浜町
18483,3,おおい町
18483,9,　　(旧 462 名田庄村)
18483,9,　　(旧 482 大飯町)
18500,c,三方上中郡
18501,3,若狭町
18501,9,　　(旧 441 三方町)
18501,9,　　(旧 461 上中町)
19000,a,山梨県
19001,b,市部
19002,b,郡部
19201,2,甲府市
19201,9,　　(旧 201 甲府市)
19201,9,　　(旧 326 中道町)
19201,9,　　(旧 341 上九一色村（北部）)
19202,2,富士吉田市
19204,2,都留市
19205,2,山梨市
19205,9,　　(旧 205 山梨市)
19205,9,　　(旧 302 牧丘町)
19205,9,　　(旧 303 三富村)
19206,2,大月市
19207,2,韮崎市
19208,2,南アルプス市
19208,9,　　(旧 386 八田村)
19208,9,　　(旧 387 白根町)
19208,9,　　(旧 388 芦安村)
19208,9,　　(旧 389 若草町)
19208,9,　　(旧 390 櫛形町)
19208,9,　　(旧 391 甲西町)
19209,2,北杜市
19209,9,　　(旧 402 明野村)
19209,9,　　(旧 403 須玉町)
19209,9,　　(旧 404 高根町)
19209,9,　　(旧 405 長坂町)
19209,9,　　(旧 406 大泉村)
19209,9,　　(旧 407 小淵沢町)
19209,9,　　(旧 408 白州町)
19209,9,　　(旧 409 武川村)
19210,2,甲斐市
19210,9,　　(旧 381 竜王町)
19210,9,　　(旧 382 敷島町)
19210,9,　　(旧 401 双葉町)
19211,2,笛吹市
19211,9,　　(旧 301 春日居町)
19211,9,　　(旧 321 石和町)
19211,9,　　(旧 322 御坂町)
19211,9,　　(旧 323 一宮町)
19211,9,　　(旧 324 八代町)
19211,9,　　(旧 325 境川村)
19211,9,　　(旧 327 芦川村)
19212,2,上野原市
19212,9,　　(旧 421 秋山村)
19212,9,　　(旧 441 上野原町)
19213,2,甲州市
19213,9,　　(旧 203 塩山市)
19213,9,　　(旧 304 勝沼町)
19213,9,　　(旧 305 大和村)
19214,2,中央市
19214,9,　　(旧 328 豊富村)
19214,9,　　(旧 383 玉穂町)
19214,9,　　(旧 385 田富町)
19340,c,西八代郡
19346,3,市川三郷町
19346,9,　　(旧 342 三珠町)
19346,9,　　(旧 343 市川大門町)
19346,9,　　(旧 344 六郷町)
19360,c,南巨摩郡
19364,3,早川町
19365,3,身延町
19365,9,　　(旧 345 下部町)
19365,9,　　(旧 363 中富町)
19365,9,　　(旧 365 身延町)
19366,3,南部町
19366,9,　　(旧 366 南部町)
19366,9,　　(旧 367 富沢町)
19368,3,富士川町
19368,9,　　(旧 361 増穂町)
19368,9,　　(旧 362 鰍沢町)
19380,c,中巨摩郡
19384,3,昭和町
19420,c,南都留郡
19422,3,道志村
19423,3,西桂町
19424,3,忍野村
19425,3,山中湖村
19429,3,鳴沢村
19430,3,富士河口湖町
19430,9,　　(旧 341 上九一色村(南部))
19430,9,　　(旧 426 河口湖町)
19430,9,　　(旧 427 勝山村)
19430,9,　　(旧 428 足和田村)
19440,c,北都留郡
19442,3,小菅村
19443,3,丹波山村
20000,a,長野県
20001,b,市部
20002,b,郡部
20201,2,長野市
20201,9,　　(旧 201 長野市)
20201,9,　　(旧 502 大岡村)
20201,9,　　(旧 581 信州新町)
20201,9,　　(旧 582 豊野町)
20201,9,　　(旧 586 戸隠村)
20201,9,　　(旧 587 鬼無里村)
20201,9,　　(旧 589 中条村)
20202,2,松本市
20202,9,　　(旧 202 松本市)
20202,9,　　(旧 443 四賀村)
20202,9,　　(旧 449 波田町)
20202,9,　　(旧 463 奈川村)
20202,9,　　(旧 464 安曇村)
20202,9,　　(旧 465 梓川村)
20203,2,上田市
20203,9,　　(旧 203 上田市)
20203,9,　　(旧 341 丸子町)
20203,9,　　(旧 345 真田町)
20203,9,　　(旧 346 武石村)
20204,2,岡谷市
20205,2,飯田市
20205,9,　　(旧 205 飯田市)
20205,9,　　(旧 418 上村)
20205,9,　　(旧 419 南信濃村)
20206,2,諏訪市
20207,2,須坂市
20208,2,小諸市
20209,2,伊那市
20209,9,　　(旧 209 伊那市)
20209,9,　　(旧 381 高遠町)
20209,9,　　(旧 387 長谷村)
20210,2,駒ヶ根市
20211,2,中野市
20211,9,　　(旧 211 中野市)
20211,9,　　(旧 601 豊田村)
20212,2,大町市
20212,9,　　(旧 212 大町市)
20212,9,　　(旧 483 八坂村)
20212,9,　　(旧 484 美麻村)
20213,2,飯山市
20214,2,茅野市
20215,2,塩尻市
20215,9,　　(旧 215 塩尻市)
20215,9,　　(旧 424 楢川村)
20217,2,佐久市
20217,9,　　(旧 217 佐久市)
20217,9,　　(旧 301 臼田町)
20217,9,　　(旧 322 望月町)
20217,9,　　(旧 325 浅科村)
20218,2,千曲市
20218,9,　　(旧 216 更埴市)
20218,9,　　(旧 501 上山田町)
20218,9,　　(旧 522 戸倉町)
20219,2,東御市
20219,9,　　(旧 326 北御牧村)
20219,9,　　(旧 343 東部町)
20220,2,安曇野市
20220,9,　　(旧 441 明科町)
20220,9,　　(旧 461 豊科町)
20220,9,　　(旧 462 穂高町)
20220,9,　　(旧 466 三郷村)
20220,9,　　(旧 467 堀金村)
20300,c,南佐久郡
20303,3,小海町
20304,3,川上村
20305,3,南牧村
20306,3,南相木村
20307,3,北相木村
20309,3,佐久穂町
20309,9,　　(旧 302 佐久町)
20309,9,　　(旧 308 八千穂村)
20320,c,北佐久郡
20321,3,軽井沢町
20323,3,御代田町
20324,3,立科町
20340,c,小県郡
20349,3,青木村
20350,3,長和町
20350,9,　　(旧 342 長門町)
20350,9,　　(旧 347 和田村)
20360,c,諏訪郡
20361,3,下諏訪町
20362,3,富士見町
20363,3,原村
20380,c,上伊那郡
20382,3,辰野町
20383,3,箕輪町
20384,3,飯島町
20385,3,南箕輪村
20386,3,中川村
20388,3,宮田村
20400,c,下伊那郡
20402,3,松川町
20403,3,高森町
20404,3,阿南町
20407,3,阿智村
20407,9,　　(旧 406 清内路村)
20407,9,　　(旧 407 阿智村)
20407,9,　　(旧 408 浪合村)
20409,3,平谷村
20410,3,根羽村
20411,3,下條村
20412,3,売木村
20413,3,天龍村
20414,3,泰阜村
20415,3,喬木村
20416,3,豊丘村
20417,3,大鹿村
20420,c,木曽郡
20422,3,上松町
20423,3,南木曽町
20425,3,木祖村
20429,3,王滝村
20430,3,大桑村
20432,3,木曽町
20432,9,　　(旧 421 木曽福島町)
20432,9,　　(旧 426 日義村)
20432,9,　　(旧 427 開田村)
20432,9,　　(旧 428 三岳村)
20440,c,東筑摩郡
20446,3,麻績村
20448,3,生坂村
20450,3,山形村
20451,3,朝日村
20452,3,筑北村
20452,9,　　(旧 444 本城村)
20452,9,　　(旧 445 坂北村)
20452,9,　　(旧 447 坂井村)
20480,c,北安曇郡
20481,3,池田町
20482,3,松川村
20485,3,白馬村
20486,3,小谷村
20520,c,埴科郡
20521,3,坂城町
20540,c,上高井郡
20541,3,小布施町
20543,3,高山村
20560,c,下高井郡
20561,3,山ノ内町
20562,3,木島平村
20563,3,野沢温泉村
20580,c,上水内郡
20583,3,信濃町
20588,3,小川村
20590,3,飯綱町
20590,9,　　(旧 584 牟礼村)
20590,9,　　(旧 585 三水村)
20600,c,下水内郡
20602,3,栄村
21000,a,岐阜県
21001,b,市部
21002,b,郡部
21201,2,岐阜市
21201,9,　　(旧 201 岐阜市)
21201,9,　　(旧 304 柳津町)
21202,2,大垣市
21202,9,　　(旧 202 大垣市)
21202,9,　　(旧 342 上石津町)
21202,9,　　(旧 384 墨俣町)
21203,2,高山市
21203,9,　　(旧 203 高山市)
21203,9,　　(旧 601 丹生川村)
21203,9,　　(旧 602 清見村)
21203,9,　　(旧 603 荘川村)
21203,9,　　(旧 605 宮村)
21203,9,　　(旧 606 久々野町)
21203,9,　　(旧 607 朝日村)
21203,9,　　(旧 608 高根村)
21203,9,　　(旧 622 国府町)
21203,9,　　(旧 626 上宝村)
21204,2,多治見市
21204,9,　　(旧 204 多治見市)
21204,9,　　(旧 541 笠原町)
21205,2,関市
21205,9,　　(旧 205 関市)
21205,9,　　(旧 461 洞戸村)
21205,9,　　(旧 462 板取村)
21205,9,　　(旧 463 武芸川町)
21205,9,　　(旧 464 武儀町)
21205,9,　　(旧 465 上之保村)
21206,2,中津川市
21206,9,　　(旧 206 中津川市)
21206,9,　　(旧 561 坂下町)
21206,9,　　(旧 562 川上村)
21206,9,　　(旧 563 加子母村)
21206,9,　　(旧 564 付知町)
21206,9,　　(旧 565 福岡町)
21206,9,　　(旧 566 蛭川村)
21206,9,　　(旧 20431 長野県山口村)
21207,2,美濃市
21208,2,瑞浪市
21209,2,羽島市
21210,2,恵那市
21210,9,　　(旧 210 恵那市)
21210,9,　　(旧 567 岩村町)
21210,9,　　(旧 568 山岡町)
21210,9,　　(旧 569 明智町)
21210,9,　　(旧 570 串原村)
21210,9,　　(旧 571 上矢作町)
21211,2,美濃加茂市
21212,2,土岐市
21213,2,各務原市
21213,9,　　(旧 213 各務原市)
21213,9,　　(旧 301 川島町)
21214,2,可児市
21214,9,　　(旧 214 可児市)
21214,9,　　(旧 523 兼山町)
21215,2,山県市
21215,9,　　(旧 441 高富町)
21215,9,　　(旧 442 伊自良村)
21215,9,　　(旧 443 美山町)
21216,2,瑞穂市
21216,9,　　(旧 423 穂積町)
21216,9,　　(旧 424 巣南町)
21217,2,飛騨市
21217,9,　　(旧 621 古川町)
21217,9,　　(旧 623 河合村)
21217,9,　　(旧 624 宮川村)
21217,9,　　(旧 625 神岡町)
21218,2,本巣市
21218,9,　　(旧 422 本巣町)
21218,9,　　(旧 425 真正町)
21218,9,　　(旧 426 糸貫町)
21218,9,　　(旧 427 根尾村)
21219,2,郡上市
21219,9,　　(旧 481 八幡町)
21219,9,　　(旧 482 大和町)
21219,9,　　(旧 483 白鳥町)
21219,9,　　(旧 484 高鷲村)
21219,9,　　(旧 485 美並村)
21219,9,　　(旧 486 明宝村)
21219,9,　　(旧 487 和良村)
21220,2,下呂市
21220,9,　　(旧 581 萩原町)
21220,9,　　(旧 582 小坂町)
21220,9,　　(旧 583 下呂町)
21220,9,　　(旧 584 金山町)
21220,9,　　(旧 585 馬瀬村)
21221,2,海津市
21221,9,　　(旧 321 海津町)
21221,9,　　(旧 322 平田町)
21221,9,　　(旧 323 南濃町)
21300,c,羽島郡
21302,3,岐南町
21303,3,笠松町
21340,c,養老郡
21341,3,養老町
21360,c,不破郡
21361,3,垂井町
21362,3,関ケ原町
21380,c,安八郡
21381,3,神戸町
21382,3,輪之内町
21383,3,安八町
21400,c,揖斐郡
21401,3,揖斐川町
21401,9,　　(旧 401 揖斐川町)
21401,9,　　(旧 402 谷汲村)
21401,9,　　(旧 405 春日村)
21401,9,　　(旧 406 久瀬村)
21401,9,　　(旧 407 藤橋村)
21401,9,　　(旧 408 坂内村)
21403,3,大野町
21404,3,池田町
21420,c,本巣郡
21421,3,北方町
21500,c,加茂郡
21501,3,坂祝町
21502,3,富加町
21503,3,川辺町
21504,3,七宗町
21505,3,八百津町
21506,3,白川町
21507,3,東白川村
21520,c,可児郡
21521,3,御嵩町
21600,c,大野郡
21604,3,白川村
22000,a,静岡県
22001,b,市部
22002,b,郡部
22100,1,静岡市
22100,9,　　(旧 201 静岡市)
22100,9,　　(旧 204 清水市)
22100,9,　　(旧 382 蒲原町)
22100,9,　　(旧 383 由比町)
22101,0,静岡市 葵区
22102,0,静岡市 駿河区
22103,0,静岡市 清水区
22130,1,浜松市
22130,9,　　(旧 202 浜松市)
22130,9,　　(旧 217 天竜市)
22130,9,　　(旧 218 浜北市)
22130,9,　　(旧 462 春野町)
22130,9,　　(旧 486 龍山村)
22130,9,　　(旧 487 佐久間町)
22130,9,　　(旧 488 水窪町)
22130,9,　　(旧 502 舞阪町)
22130,9,　　(旧 505 雄踏町)
22130,9,　　(旧 521 細江町)
22130,9,　　(旧 522 引佐町)
22130,9,　　(旧 523 三ケ日町)
22131,0,浜松市 中区
22132,0,浜松市 東区
22133,0,浜松市 西区
22134,0,浜松市 南区
22135,0,浜松市 北区
22136,0,浜松市 浜北区
22137,0,浜松市 天竜区
22203,2,沼津市
22203,9,　　(旧 203 沼津市)
22203,9,　　(旧 323 戸田村)
22205,2,熱海市
22206,2,三島市
22207,2,富士宮市
22207,9,　　(旧 207 富士宮市)
22207,9,　　(旧 361 芝川町)
22208,2,伊東市
22209,2,島田市
22209,9,　　(旧 209 島田市)
22209,9,　　(旧 425 金谷町)
22209,9,　　(旧 426 川根町)
22210,2,富士市
22210,9,　　(旧 210 富士市)
22210,9,　　(旧 381 富士川町)
22211,2,磐田市
22211,9,　　(旧 211 磐田市)
22211,9,　　(旧 482 福田町)
22211,9,　　(旧 483 竜洋町)
22211,9,　　(旧 484 豊田町)
22211,9,　　(旧 485 豊岡村)
22212,2,焼津市
22212,9,　　(旧 212 焼津市)
22212,9,　　(旧 402 大井川町)
22213,2,掛川市
22213,9,　　(旧 213 掛川市)
22213,9,　　(旧 442 大須賀町)
22213,9,　　(旧 447 大東町)
22214,2,藤枝市
22214,9,　　(旧 214 藤枝市)
22214,9,　　(旧 401 岡部町)
22215,2,御殿場市
22216,2,袋井市
22216,9,　　(旧 216 袋井市)
22216,9,　　(旧 481 浅羽町)
22219,2,下田市
22220,2,裾野市
22221,2,湖西市
22221,9,　　(旧 221 湖西市)
22221,9,　　(旧 503 新居町)
22222,2,伊豆市
22222,9,　　(旧 322 修善寺町)
22222,9,　　(旧 324 土肥町)
22222,9,　　(旧 328 天城湯ケ島町)
22222,9,　　(旧 329 中伊豆町)
22223,2,御前崎市
22223,9,　　(旧 421 御前崎町)
22223,9,　　(旧 444 浜岡町)
22224,2,菊川市
22224,9,　　(旧 445 小笠町)
22224,9,　　(旧 446 菊川町)
22225,2,伊豆の国市
22225,9,　　(旧 321 伊豆長岡町)
22225,9,　　(旧 326 韮山町)
22225,9,　　(旧 327 大仁町)
22226,2,牧之原市
22226,9,　　(旧 422 相良町)
22226,9,　　(旧 423 榛原町)
22300,c,賀茂郡
22301,3,東伊豆町
22302,3,河津町
22304,3,南伊豆町
22305,3,松崎町
22306,3,西伊豆町
22306,9,　　(旧 306 西伊豆町)
22306,9,　　(旧 307 賀茂村)
22320,c,田方郡
22325,3,函南町
22340,c,駿東郡
22341,3,清水町
22342,3,長泉町
22344,3,小山町
22420,c,榛原郡
22424,3,吉田町
22429,3,川根本町
22429,9,　　(旧 427 中川根町)
22429,9,　　(旧 428 本川根町)
22460,c,周智郡
22461,3,森町
23000,a,愛知県
23001,b,市部
23002,b,郡部
23100,1,名古屋市
23101,0,名古屋市 千種区
23102,0,名古屋市 東区
23103,0,名古屋市 北区
23104,0,名古屋市 西区
23105,0,名古屋市 中村区
23106,0,名古屋市 中区
23107,0,名古屋市 昭和区
23108,0,名古屋市 瑞穂区
23109,0,名古屋市 熱田区
23110,0,名古屋市 中川区
23111,0,名古屋市 港区
23112,0,名古屋市 南区
23113,0,名古屋市 守山区
23114,0,名古屋市 緑区
23115,0,名古屋市 名東区
23116,0,名古屋市 天白区
23201,2,豊橋市
23202,2,岡崎市
23202,9,　　(旧 202 岡崎市)
23202,9,　　(旧 502 額田町)
23203,2,一宮市
23203,9,　　(旧 203 一宮市)
23203,9,　　(旧 218 尾西市)
23203,9,　　(旧 381 木曽川町)
23204,2,瀬戸市
23205,2,半田市
23206,2,春日井市
23207,2,豊川市
23207,9,　　(旧 207 豊川市)
23207,9,　　(旧 601 音羽町)
23207,9,　　(旧 602 一宮町)
23207,9,　　(旧 603 小坂井町)
23207,9,　　(旧 604 御津町)
23208,2,津島市
23209,2,碧南市
23210,2,刈谷市
23211,2,豊田市
23211,9,　　(旧 211 豊田市)
23211,9,　　(旧 522 藤岡町)
23211,9,　　(旧 523 小原村)
23211,9,　　(旧 541 足助町)
23211,9,　　(旧 543 下山村)
23211,9,　　(旧 544 旭町)
23211,9,　　(旧 566 稲武町)
23212,2,安城市
23213,2,西尾市
23213,9,　　(旧 213 西尾市)
23213,9,　　(旧 481 一色町)
23213,9,　　(旧 482 吉良町)
23213,9,　　(旧 483 幡豆町)
23214,2,蒲郡市
23215,2,犬山市
23216,2,常滑市
23217,2,江南市
23219,2,小牧市
23220,2,稲沢市
23220,9,　　(旧 220 稲沢市)
23220,9,　　(旧 401 祖父江町)
23220,9,　　(旧 402 平和町)
23221,2,新城市
23221,9,　　(旧 221 新城市)
23221,9,　　(旧 581 鳳来町)
23221,9,　　(旧 582 作手村)
23222,2,東海市
23223,2,大府市
23224,2,知多市
23225,2,知立市
23226,2,尾張旭市
23227,2,高浜市
23228,2,岩倉市
23229,2,豊明市
23230,2,日進市
23231,2,田原市
23231,9,　　(旧 621 田原町)
23231,9,　　(旧 622 赤羽根町)
23231,9,　　(旧 623 渥美町)
23232,2,愛西市
23232,9,　　(旧 429 佐屋町)
23232,9,　　(旧 430 立田村)
23232,9,　　(旧 431 八開村)
23232,9,　　(旧 432 佐織町)
23233,2,清須市
23233,9,　　(旧 341 西枇杷島町)
23233,9,　　(旧 345 春日町)
23233,9,　　(旧 346 清洲町)
23233,9,　　(旧 347 新川町)
23234,2,北名古屋市
23234,9,　　(旧 343 師勝町)
23234,9,　　(旧 344 西春町)
23235,2,弥富市
23235,9,　　(旧 426 十四山村)
23235,9,　　(旧 428 弥富町)
23236,2,みよし市
23236,9,　　(旧 521 三好町)
23237,2,あま市
23237,9,　　(旧 421 七宝町)
23237,9,　　(旧 422 美和町)
23237,9,　　(旧 423 甚目寺町)
23238,2,長久手市
23238,9,　　(旧 304 長久手町)
23300,c,愛知郡
23302,3,東郷町
23340,c,西春日井郡
23342,3,豊山町
23360,c,丹羽郡
23361,3,大口町
23362,3,扶桑町
23420,c,海部郡
23424,3,大治町
23425,3,蟹江町
23427,3,飛島村
23440,c,知多郡
23441,3,阿久比町
23442,3,東浦町
23445,3,南知多町
23446,3,美浜町
23447,3,武豊町
23500,c,額田郡
23501,3,幸田町
23560,c,北設楽郡
23561,3,設楽町
23561,9,　　(旧 561 設楽町)
23561,9,　　(旧 565 津具村)
23562,3,東栄町
23563,3,豊根村
23563,9,　　(旧 563 豊根村)
23563,9,　　(旧 564 富山村)
24000,a,三重県
24001,b,市部
24002,b,郡部
24201,2,津市
24201,9,　　(旧 201 津市)
24201,9,　　(旧 213 久居市)
24201,9,　　(旧 381 河芸町)
24201,9,　　(旧 382 芸濃町)
24201,9,　　(旧 383 美里村)
24201,9,　　(旧 384 安濃町)
24201,9,　　(旧 402 香良洲町)
24201,9,　　(旧 403 一志町)
24201,9,　　(旧 404 白山町)
24201,9,　　(旧 406 美杉村)
24202,2,四日市市
24202,9,　　(旧 202 四日市市)
24202,9,　　(旧 342 楠町)
24203,2,伊勢市
24203,9,　　(旧 203 伊勢市)
24203,9,　　(旧 462 二見町)
24203,9,　　(旧 463 小俣町)
24203,9,　　(旧 468 御薗村)
24204,2,松阪市
24204,9,　　(旧 204 松阪市)
24204,9,　　(旧 405 嬉野町)
24204,9,　　(旧 407 三雲町)
24204,9,　　(旧 421 飯南町)
24204,9,　　(旧 422 飯高町)
24205,2,桑名市
24205,9,　　(旧 205 桑名市)
24205,9,　　(旧 301 多度町)
24205,9,　　(旧 302 長島町)
24207,2,鈴鹿市
24208,2,名張市
24209,2,尾鷲市
24210,2,亀山市
24210,9,　　(旧 210 亀山市)
24210,9,　　(旧 361 関町)
24211,2,鳥羽市
24212,2,熊野市
24212,9,　　(旧 212 熊野市)
24212,9,　　(旧 563 紀和町)
24214,2,いなべ市
24214,9,　　(旧 321 北勢町)
24214,9,　　(旧 322 員弁町)
24214,9,　　(旧 323 大安町)
24214,9,　　(旧 325 藤原町)
24215,2,志摩市
24215,9,　　(旧 521 浜島町)
24215,9,　　(旧 522 大王町)
24215,9,　　(旧 523 志摩町)
24215,9,　　(旧 524 阿児町)
24215,9,　　(旧 525 磯部町)
24216,2,伊賀市
24216,9,　　(旧 206 上野市)
24216,9,　　(旧 481 伊賀町)
24216,9,　　(旧 482 島ケ原村)
24216,9,　　(旧 483 阿山町)
24216,9,　　(旧 484 大山田村)
24216,9,　　(旧 501 青山町)
24300,c,桑名郡
24303,3,木曽岬町
24320,c,員弁郡
24324,3,東員町
24340,c,三重郡
24341,3,菰野町
24343,3,朝日町
24344,3,川越町
24440,c,多気郡
24441,3,多気町
24441,9,　　(旧 441 多気町)
24441,9,　　(旧 444 勢和村)
24442,3,明和町
24443,3,大台町
24443,9,　　(旧 443 大台町)
24443,9,　　(旧 445 宮川村)
24460,c,度会郡
24461,3,玉城町
24470,3,度会町
24471,3,大紀町
24471,9,　　(旧 466 大宮町)
24471,9,　　(旧 467 紀勢町)
24471,9,　　(旧 469 大内山村)
24472,3,南伊勢町
24472,9,　　(旧 464 南勢町)
24472,9,　　(旧 465 南島町)
24540,c,北牟婁郡
24543,3,紀北町
24543,9,　　(旧 541 紀伊長島町)
24543,9,　　(旧 542 海山町)
24560,c,南牟婁郡
24561,3,御浜町
24562,3,紀宝町
24562,9,　　(旧 562 紀宝町)
24562,9,　　(旧 564 鵜殿村)
25000,a,滋賀県
25001,b,市部
25002,b,郡部
25201,2,大津市
25201,9,　　(旧 201 大津市)
25201,9,　　(旧 301 志賀町)
25202,2,彦根市
25203,2,長浜市
25203,9,　　(旧 203 長浜市)
25203,9,　　(旧 481 浅井町)
25203,9,　　(旧 482 虎姫町)
25203,9,　　(旧 483 湖北町)
25203,9,　　(旧 484 びわ町)
25203,9,　　(旧 501 高月町)
25203,9,　　(旧 502 木之本町)
25203,9,　　(旧 503 余呉町)
25203,9,　　(旧 504 西浅井町)
25204,2,近江八幡市
25204,9,　　(旧 204 近江八幡市)
25204,9,　　(旧 381 安土町)
25206,2,草津市
25207,2,守山市
25208,2,栗東市
25208,9,　　(旧 321 栗東町)
25209,2,甲賀市
25209,9,　　(旧 363 水口町)
25209,9,　　(旧 364 土山町)
25209,9,　　(旧 365 甲賀町)
25209,9,　　(旧 366 甲南町)
25209,9,　　(旧 367 信楽町)
25210,2,野洲市
25210,9,　　(旧 342 中主町)
25210,9,　　(旧 343 野洲町)
25211,2,湖南市
25211,9,　　(旧 361 石部町)
25211,9,　　(旧 362 甲西町)
25212,2,高島市
25212,9,　　(旧 521 マキノ町)
25212,9,　　(旧 522 今津町)
25212,9,　　(旧 523 朽木村)
25212,9,　　(旧 524 安曇川町)
25212,9,　　(旧 525 高島町)
25212,9,　　(旧 526 新旭町)
25213,2,東近江市
25213,9,　　(旧 205 八日市市)
25213,9,　　(旧 382 蒲生町)
25213,9,　　(旧 401 永源寺町)
25213,9,　　(旧 402 五個荘町)
25213,9,　　(旧 403 能登川町)
25213,9,　　(旧 421 愛東町)
25213,9,　　(旧 422 湖東町)
25214,2,米原市
25214,9,　　(旧 461 山東町)
25214,9,　　(旧 462 伊吹町)
25214,9,　　(旧 463 米原町)
25214,9,　　(旧 464 近江町)
25380,c,蒲生郡
25383,3,日野町
25384,3,竜王町
25420,c,愛知郡
25425,3,愛荘町
25425,9,　　(旧 423 秦荘町)
25425,9,　　(旧 424 愛知川町)
25440,c,犬上郡
25441,3,豊郷町
25442,3,甲良町
25443,3,多賀町
26000,a,京都府
26001,b,市部
26002,b,郡部
26100,1,京都市
26100,9,　　(旧 100 京都市)
26101,0,京都市 北区
26102,0,京都市 上京区
26103,0,京都市 左京区
26104,0,京都市 中京区
26105,0,京都市 東山区
26106,0,京都市 下京区
26107,0,京都市 南区
26108,0,京都市 右京区
26108,9,　　(旧 108 京都市 右京区)
26108,9,　　(旧 381 京北町)
26109,0,京都市 伏見区
26110,0,京都市 山科区
26111,0,京都市 西京区
26201,2,福知山市
26201,9,　　(旧 201 福知山市)
26201,9,　　(旧 421 三和町)
26201,9,　　(旧 422 夜久野町)
26201,9,　　(旧 441 大江町)
26202,2,舞鶴市
26203,2,綾部市
26204,2,宇治市
26205,2,宮津市
26206,2,亀岡市
26207,2,城陽市
26208,2,向日市
26209,2,長岡京市
26210,2,八幡市
26211,2,京田辺市
26212,2,京丹後市
26212,9,　　(旧 481 峰山町)
26212,9,　　(旧 482 大宮町)
26212,9,　　(旧 501 網野町)
26212,9,　　(旧 502 丹後町)
26212,9,　　(旧 503 弥栄町)
26212,9,　　(旧 521 久美浜町)
26213,2,南丹市
26213,9,　　(旧 382 美山町)
26213,9,　　(旧 401 園部町)
26213,9,　　(旧 402 八木町)
26213,9,　　(旧 404 日吉町)
26214,2,木津川市
26214,9,　　(旧 361 山城町)
26214,9,　　(旧 362 木津町)
26214,9,　　(旧 363 加茂町)
26300,c,乙訓郡
26303,3,大山崎町
26320,c,久世郡
26322,3,久御山町
26340,c,綴喜郡
26343,3,井手町
26344,3,宇治田原町
26360,c,相楽郡
26364,3,笠置町
26365,3,和束町
26366,3,精華町
26367,3,南山城村
26400,c,船井郡
26407,3,京丹波町
26407,9,　　(旧 403 丹波町)
26407,9,　　(旧 405 瑞穂町)
26407,9,　　(旧 406 和知町)
26460,c,与謝郡
26463,3,伊根町
26465,3,与謝野町
26465,9,　　(旧 461 加悦町)
26465,9,　　(旧 462 岩滝町)
26465,9,　　(旧 464 野田川町)
27000,a,大阪府
27001,b,市部
27002,b,郡部
27100,1,大阪市
27102,0,大阪市 都島区
27103,0,大阪市 福島区
27104,0,大阪市 此花区
27106,0,大阪市 西区
27107,0,大阪市 港区
27108,0,大阪市 大正区
27109,0,大阪市 天王寺区
27111,0,大阪市 浪速区
27113,0,大阪市 西淀川区
27114,0,大阪市 東淀川区
27115,0,大阪市 東成区
27116,0,大阪市 生野区
27117,0,大阪市 旭区
27118,0,大阪市 城東区
27119,0,大阪市 阿倍野区
27120,0,大阪市 住吉区
27121,0,大阪市 東住吉区
27122,0,大阪市 西成区
27123,0,大阪市 淀川区
27124,0,大阪市 鶴見区
27125,0,大阪市 住之江区
27126,0,大阪市 平野区
27127,0,大阪市 北区
27128,0,大阪市 中央区
27140,1,堺市
27140,9,　　(旧 201 堺市)
27140,9,　　(旧 385 美原町)
27141,0,堺市 堺区
27142,0,堺市 中区
27143,0,堺市 東区
27144,0,堺市 西区
27145,0,堺市 南区
27146,0,堺市 北区
27147,0,堺市 美原区
27202,2,岸和田市
27203,2,豊中市
27204,2,池田市
27205,2,吹田市
27206,2,泉大津市
27207,2,高槻市
27208,2,貝塚市
27209,2,守口市
27210,2,枚方市
27211,2,茨木市
27212,2,八尾市
27213,2,泉佐野市
27214,2,富田林市
27215,2,寝屋川市
27216,2,河内長野市
27217,2,松原市
27218,2,大東市
27219,2,和泉市
27220,2,箕面市
27221,2,柏原市
27222,2,羽曳野市
27223,2,門真市
27224,2,摂津市
27225,2,高石市
27226,2,藤井寺市
27227,2,東大阪市
27228,2,泉南市
27229,2,四條畷市
27230,2,交野市
27231,2,大阪狭山市
27232,2,阪南市
27300,c,三島郡
27301,3,島本町
27320,c,豊能郡
27321,3,豊能町
27322,3,能勢町
27340,c,泉北郡
27341,3,忠岡町
27360,c,泉南郡
27361,3,熊取町
27362,3,田尻町
27366,3,岬町
27380,c,南河内郡
27381,3,太子町
27382,3,河南町
27383,3,千早赤阪村
28000,a,兵庫県
28001,b,市部
28002,b,郡部
28100,1,神戸市
28101,0,神戸市 東灘区
28102,0,神戸市 灘区
28105,0,神戸市 兵庫区
28106,0,神戸市 長田区
28107,0,神戸市 須磨区
28108,0,神戸市 垂水区
28109,0,神戸市 北区
28110,0,神戸市 中央区
28111,0,神戸市 西区
28201,2,姫路市
28201,9,　　(旧 201 姫路市)
28201,9,　　(旧 421 家島町)
28201,9,　　(旧 422 夢前町)
28201,9,　　(旧 444 香寺町)
28201,9,　　(旧 522 安富町)
28202,2,尼崎市
28203,2,明石市
28204,2,西宮市
28205,2,洲本市
28205,9,　　(旧 205 洲本市)
28205,9,　　(旧 685 五色町)
28206,2,芦屋市
28207,2,伊丹市
28208,2,相生市
28209,2,豊岡市
28209,9,　　(旧 209 豊岡市)
28209,9,　　(旧 541 城崎町)
28209,9,　　(旧 542 竹野町)
28209,9,　　(旧 544 日高町)
28209,9,　　(旧 561 出石町)
28209,9,　　(旧 562 但東町)
28210,2,加古川市
28212,2,赤穂市
28213,2,西脇市
28213,9,　　(旧 213 西脇市)
28213,9,　　(旧 364 黒田庄町)
28214,2,宝塚市
28215,2,三木市
28215,9,　　(旧 215 三木市)
28215,9,　　(旧 321 吉川町)
28216,2,高砂市
28217,2,川西市
28218,2,小野市
28219,2,三田市
28220,2,加西市
28221,2,篠山市
28222,2,養父市
28222,9,　　(旧 601 八鹿町)
28222,9,　　(旧 602 養父町)
28222,9,　　(旧 603 大屋町)
28222,9,　　(旧 604 関宮町)
28223,2,丹波市
28223,9,　　(旧 641 柏原町)
28223,9,　　(旧 642 氷上町)
28223,9,　　(旧 643 青垣町)
28223,9,　　(旧 644 春日町)
28223,9,　　(旧 645 山南町)
28223,9,　　(旧 646 市島町)
28224,2,南あわじ市
28224,9,　　(旧 701 緑町)
28224,9,　　(旧 702 西淡町)
28224,9,　　(旧 703 三原町)
28224,9,　　(旧 704 南淡町)
28225,2,朝来市
28225,9,　　(旧 621 生野町)
28225,9,　　(旧 622 和田山町)
28225,9,　　(旧 623 山東町)
28225,9,　　(旧 624 朝来町)
28226,2,淡路市
28226,9,　　(旧 681 津名町)
28226,9,　　(旧 682 淡路町)
28226,9,　　(旧 683 北淡町)
28226,9,　　(旧 684 一宮町)
28226,9,　　(旧 686 東浦町)
28227,2,宍粟市
28227,9,　　(旧 521 山崎町)
28227,9,　　(旧 523 一宮町)
28227,9,　　(旧 524 波賀町)
28227,9,　　(旧 525 千種町)
28228,2,加東市
28228,9,　　(旧 341 社町)
28228,9,　　(旧 342 滝野町)
28228,9,　　(旧 343 東条町)
28229,2,たつの市
28229,9,　　(旧 211 龍野市)
28229,9,　　(旧 461 新宮町)
28229,9,　　(旧 462 揖保川町)
28229,9,　　(旧 463 御津町)
28300,c,川辺郡
28301,3,猪名川町
28360,c,多可郡
28365,3,多可町
28365,9,　　(旧 361 中町)
28365,9,　　(旧 362 加美町)
28365,9,　　(旧 363 八千代町)
28380,c,加古郡
28381,3,稲美町
28382,3,播磨町
28440,c,神崎郡
28442,3,市川町
28443,3,福崎町
28446,3,神河町
28446,9,　　(旧 441 神崎町)
28446,9,　　(旧 445 大河内町)
28460,c,揖保郡
28464,3,太子町
28480,c,赤穂郡
28481,3,上郡町
28500,c,佐用郡
28501,3,佐用町
28501,9,　　(旧 501 佐用町)
28501,9,　　(旧 502 上月町)
28501,9,　　(旧 503 南光町)
28501,9,　　(旧 504 三日月町)
28580,c,美方郡
28585,3,香美町
28585,9,　　(旧 543 香住町)
28585,9,　　(旧 581 村岡町)
28585,9,　　(旧 583 美方町)
28586,3,新温泉町
28586,9,　　(旧 582 浜坂町)
28586,9,　　(旧 584 温泉町)
29000,a,奈良県
29001,b,市部
29002,b,郡部
29201,2,奈良市
29201,9,　　(旧 201 奈良市)
29201,9,　　(旧 301 月ケ瀬村)
29201,9,　　(旧 321 都祁村)
29202,2,大和高田市
29203,2,大和郡山市
29204,2,天理市
29205,2,橿原市
29206,2,桜井市
29207,2,五條市
29207,9,　　(旧 207 五條市)
29207,9,　　(旧 445 西吉野村)
29207,9,　　(旧 448 大塔村)
29208,2,御所市
29209,2,生駒市
29210,2,香芝市
29211,2,葛城市
29211,9,　　(旧 421 新庄町)
29211,9,　　(旧 422 當麻町)
29212,2,宇陀市
29212,9,　　(旧 381 大宇陀町)
29212,9,　　(旧 382 菟田野町)
29212,9,　　(旧 383 榛原町)
29212,9,　　(旧 384 室生村)
29320,c,山辺郡
29322,3,山添村
29340,c,生駒郡
29342,3,平群町
29343,3,三郷町
29344,3,斑鳩町
29345,3,安堵町
29360,c,磯城郡
29361,3,川西町
29362,3,三宅町
29363,3,田原本町
29380,c,宇陀郡
29385,3,曽爾村
29386,3,御杖村
29400,c,高市郡
29401,3,高取町
29402,3,明日香村
29420,c,北葛城郡
29424,3,上牧町
29425,3,王寺町
29426,3,広陵町
29427,3,河合町
29440,c,吉野郡
29441,3,吉野町
29442,3,大淀町
29443,3,下市町
29444,3,黒滝村
29446,3,天川村
29447,3,野迫川村
29449,3,十津川村
29450,3,下北山村
29451,3,上北山村
29452,3,川上村
29453,3,東吉野村
30000,a,和歌山県
30001,b,市部
30002,b,郡部
30201,2,和歌山市
30202,2,海南市
30202,9,　　(旧 202 海南市)
30202,9,　　(旧 301 下津町)
30203,2,橋本市
30203,9,　　(旧 203 橋本市)
30203,9,　　(旧 342 高野口町)
30204,2,有田市
30205,2,御坊市
30206,2,田辺市
30206,9,　　(旧 206 田辺市)
30206,9,　　(旧 387 龍神村)
30206,9,　　(旧 402 中辺路町)
30206,9,　　(旧 403 大塔村)
30206,9,　　(旧 426 本宮町)
30207,2,新宮市
30207,9,　　(旧 207 新宮市)
30207,9,　　(旧 425 熊野川町)
30208,2,紀の川市
30208,9,　　(旧 321 打田町)
30208,9,　　(旧 322 粉河町)
30208,9,　　(旧 323 那賀町)
30208,9,　　(旧 324 桃山町)
30208,9,　　(旧 325 貴志川町)
30209,2,岩出市
30209,9,　　(旧 326 岩出町)
30300,c,海草郡
30304,3,紀美野町
30304,9,　　(旧 302 野上町)
30304,9,　　(旧 303 美里町)
30340,c,伊都郡
30341,3,かつらぎ町
30341,9,　　(旧 341 かつらぎ町)
30341,9,　　(旧 345 花園村)
30343,3,九度山町
30344,3,高野町
30360,c,有田郡
30361,3,湯浅町
30362,3,広川町
30366,3,有田川町
30366,9,　　(旧 363 吉備町)
30366,9,　　(旧 364 金屋町)
30366,9,　　(旧 365 清水町)
30380,c,日高郡
30381,3,美浜町
30382,3,日高町
30383,3,由良町
30390,3,印南町
30391,3,みなべ町
30391,9,　　(旧 388 南部川村)
30391,9,　　(旧 389 南部町)
30392,3,日高川町
30392,9,　　(旧 384 川辺町)
30392,9,　　(旧 385 中津村)
30392,9,　　(旧 386 美山村)
30400,c,西牟婁郡
30401,3,白浜町
30401,9,　　(旧 401 白浜町)
30401,9,　　(旧 405 日置川町)
30404,3,上富田町
30406,3,すさみ町
30420,c,東牟婁郡
30421,3,那智勝浦町
30422,3,太地町
30424,3,古座川町
30427,3,北山村
30428,3,串本町
30428,9,　　(旧 407 串本町)
30428,9,　　(旧 423 古座町)
31000,a,鳥取県
31001,b,市部
31002,b,郡部
31201,2,鳥取市
31201,9,　　(旧 201 鳥取市)
31201,9,　　(旧 301 国府町)
31201,9,　　(旧 303 福部村)
31201,9,　　(旧 323 河原町)
31201,9,　　(旧 326 用瀬町)
31201,9,　　(旧 327 佐治村)
31201,9,　　(旧 341 気高町)
31201,9,　　(旧 342 鹿野町)
31201,9,　　(旧 343 青谷町)
31202,2,米子市
31202,9,　　(旧 202 米子市)
31202,9,　　(旧 385 淀江町)
31203,2,倉吉市
31203,9,　　(旧 203 倉吉市)
31203,9,　　(旧 365 関金町)
31204,2,境港市
31300,c,岩美郡
31302,3,岩美町
31320,c,八頭郡
31325,3,若桜町
31328,3,智頭町
31329,3,八頭町
31329,9,　　(旧 321 郡家町)
31329,9,　　(旧 322 船岡町)
31329,9,　　(旧 324 八東町)
31360,c,東伯郡
31364,3,三朝町
31370,3,湯梨浜町
31370,9,　　(旧 361 羽合町)
31370,9,　　(旧 362 泊村)
31370,9,　　(旧 363 東郷町)
31371,3,琴浦町
31371,9,　　(旧 368 東伯町)
31371,9,　　(旧 369 赤碕町)
31372,3,北栄町
31372,9,　　(旧 366 北条町)
31372,9,　　(旧 367 大栄町)
31380,c,西伯郡
31384,3,日吉津村
31386,3,大山町
31386,9,　　(旧 386 大山町)
31386,9,　　(旧 387 名和町)
31386,9,　　(旧 388 中山町)
31389,3,南部町
31389,9,　　(旧 381 西伯町)
31389,9,　　(旧 382 会見町)
31390,3,伯耆町
31390,9,　　(旧 383 岸本町)
31390,9,　　(旧 404 溝口町)
31400,c,日野郡
31401,3,日南町
31402,3,日野町
31403,3,江府町
32000,a,島根県
32001,b,市部
32002,b,郡部
32201,2,松江市
32201,9,　　(旧 201 松江市)
32201,9,　　(旧 301 鹿島町)
32201,9,　　(旧 302 島根町)
32201,9,　　(旧 303 美保関町)
32201,9,　　(旧 304 東出雲町)
32201,9,　　(旧 305 八雲村)
32201,9,　　(旧 306 玉湯町)
32201,9,　　(旧 307 宍道町)
32201,9,　　(旧 308 八束町)
32202,2,浜田市
32202,9,　　(旧 202 浜田市)
32202,9,　　(旧 462 金城町)
32202,9,　　(旧 463 旭町)
32202,9,　　(旧 464 弥栄村)
32202,9,　　(旧 465 三隅町)
32203,2,出雲市
32203,9,　　(旧 203 出雲市)
32203,9,　　(旧 208 平田市)
32203,9,　　(旧 401 斐川町)
32203,9,　　(旧 402 佐田町)
32203,9,　　(旧 403 多伎町)
32203,9,　　(旧 404 湖陵町)
32203,9,　　(旧 405 大社町)
32204,2,益田市
32204,9,　　(旧 204 益田市)
32204,9,　　(旧 481 美都町)
32204,9,　　(旧 482 匹見町)
32205,2,大田市
32205,9,　　(旧 205 大田市)
32205,9,　　(旧 421 温泉津町)
32205,9,　　(旧 422 仁摩町)
32206,2,安来市
32206,9,　　(旧 206 安来市)
32206,9,　　(旧 321 広瀬町)
32206,9,　　(旧 322 伯太町)
32207,2,江津市
32207,9,　　(旧 207 江津市)
32207,9,　　(旧 447 桜江町)
32209,2,雲南市
32209,9,　　(旧 361 大東町)
32209,9,　　(旧 362 加茂町)
32209,9,　　(旧 363 木次町)
32209,9,　　(旧 381 三刀屋町)
32209,9,　　(旧 382 吉田村)
32209,9,　　(旧 383 掛合町)
32340,c,仁多郡
32343,3,奥出雲町
32343,9,　　(旧 341 仁多町)
32343,9,　　(旧 342 横田町)
32380,c,飯石郡
32386,3,飯南町
32386,9,　　(旧 384 頓原町)
32386,9,　　(旧 385 赤来町)
32440,c,邑智郡
32441,3,川本町
32448,3,美郷町
32448,9,　　(旧 442 邑智町)
32448,9,　　(旧 443 大和村)
32449,3,邑南町
32449,9,　　(旧 444 羽須美村)
32449,9,　　(旧 445 瑞穂町)
32449,9,　　(旧 446 石見町)
32500,c,鹿足郡
32501,3,津和野町
32501,9,　　(旧 501 津和野町)
32501,9,　　(旧 502 日原町)
32505,3,吉賀町
32505,9,　　(旧 503 柿木村)
32505,9,　　(旧 504 六日市町)
32520,c,隠岐郡
32525,3,海士町
32526,3,西ノ島町
32527,3,知夫村
32528,3,隠岐の島町
32528,9,　　(旧 521 西郷町)
32528,9,　　(旧 522 布施村)
32528,9,　　(旧 523 五箇村)
32528,9,　　(旧 524 都万村)
33000,a,岡山県
33001,b,市部
33002,b,郡部
33100,1,岡山市
33100,9,　　(旧 201 岡山市)
33100,9,　　(旧 301 御津町)
33100,9,　　(旧 303 建部町)
33100,9,　　(旧 321 瀬戸町)
33100,9,　　(旧 401 灘崎町)
33101,0,岡山市 北区
33102,0,岡山市 中区
33103,0,岡山市 東区
33104,0,岡山市 南区
33202,2,倉敷市
33202,9,　　(旧 202 倉敷市)
33202,9,　　(旧 441 船穂町)
33202,9,　　(旧 503 真備町)
33203,2,津山市
33203,9,　　(旧 203 津山市)
33203,9,　　(旧 601 加茂町)
33203,9,　　(旧 605 阿波村)
33203,9,　　(旧 624 勝北町)
33203,9,　　(旧 664 久米町)
33204,2,玉野市
33205,2,笠岡市
33207,2,井原市
33207,9,　　(旧 207 井原市)
33207,9,　　(旧 462 美星町)
33207,9,　　(旧 481 芳井町)
33208,2,総社市
33208,9,　　(旧 208 総社市)
33208,9,　　(旧 427 山手村)
33208,9,　　(旧 428 清音村)
33209,2,高梁市
33209,9,　　(旧 209 高梁市)
33209,9,　　(旧 521 有漢町)
33209,9,　　(旧 541 成羽町)
33209,9,　　(旧 542 川上町)
33209,9,　　(旧 543 備中町)
33210,2,新見市
33210,9,　　(旧 210 新見市)
33210,9,　　(旧 561 大佐町)
33210,9,　　(旧 562 神郷町)
33210,9,　　(旧 563 哲多町)
33210,9,　　(旧 564 哲西町)
33211,2,備前市
33211,9,　　(旧 211 備前市)
33211,9,　　(旧 342 日生町)
33211,9,　　(旧 344 吉永町)
33212,2,瀬戸内市
33212,9,　　(旧 361 牛窓町)
33212,9,　　(旧 362 邑久町)
33212,9,　　(旧 363 長船町)
33213,2,赤磐市
33213,9,　　(旧 322 山陽町)
33213,9,　　(旧 323 赤坂町)
33213,9,　　(旧 324 熊山町)
33213,9,　　(旧 325 吉井町)
33214,2,真庭市
33214,9,　　(旧 522 北房町)
33214,9,　　(旧 581 勝山町)
33214,9,　　(旧 582 落合町)
33214,9,　　(旧 583 湯原町)
33214,9,　　(旧 584 久世町)
33214,9,　　(旧 585 美甘村)
33214,9,　　(旧 587 川上村)
33214,9,　　(旧 588 八束村)
33214,9,　　(旧 589 中和村)
33215,2,美作市
33215,9,　　(旧 621 勝田町)
33215,9,　　(旧 641 大原町)
33215,9,　　(旧 642 東粟倉村)
33215,9,　　(旧 644 美作町)
33215,9,　　(旧 645 作東町)
33215,9,　　(旧 646 英田町)
33216,2,浅口市
33216,9,　　(旧 442 金光町)
33216,9,　　(旧 443 鴨方町)
33216,9,　　(旧 444 寄島町)
33340,c,和気郡
33346,3,和気町
33346,9,　　(旧 345 佐伯町)
33346,9,　　(旧 346 和気町)
33420,c,都窪郡
33423,3,早島町
33440,c,浅口郡
33445,3,里庄町
33460,c,小田郡
33461,3,矢掛町
33580,c,真庭郡
33586,3,新庄村
33600,c,苫田郡
33606,3,鏡野町
33606,9,　　(旧 602 富村)
33606,9,　　(旧 603 奥津町)
33606,9,　　(旧 604 上齋原村)
33606,9,　　(旧 606 鏡野町)
33620,c,勝田郡
33622,3,勝央町
33623,3,奈義町
33640,c,英田郡
33643,3,西粟倉村
33660,c,久米郡
33663,3,久米南町
33666,3,美咲町
33666,9,　　(旧 661 中央町)
33666,9,　　(旧 662 旭町)
33666,9,　　(旧 665 柵原町)
33680,c,加賀郡
33681,3,吉備中央町
33681,9,　　(旧 305 加茂川町)
33681,9,　　(旧 523 賀陽町)
34000,a,広島県
34001,b,市部
34002,b,郡部
34100,1,広島市
34100,9,　　(旧 100 広島市)
34101,0,広島市 中区
34102,0,広島市 東区
34103,0,広島市 南区
34104,0,広島市 西区
34105,0,広島市 安佐南区
34106,0,広島市 安佐北区
34107,0,広島市 安芸区
34108,0,広島市 佐伯区
34108,9,　　(旧 108 広島市 佐伯区)
34108,9,　　(旧 324 湯来町)
34202,2,呉市
34202,9,　　(旧 202 呉市)
34202,9,　　(旧 311 音戸町)
34202,9,　　(旧 312 倉橋町)
34202,9,　　(旧 313 下蒲刈町)
34202,9,　　(旧 314 蒲刈町)
34202,9,　　(旧 423 安浦町)
34202,9,　　(旧 424 川尻町)
34202,9,　　(旧 425 豊浜町)
34202,9,　　(旧 426 豊町)
34203,2,竹原市
34204,2,三原市
34204,9,　　(旧 204 三原市)
34204,9,　　(旧 407 大和町)
34204,9,　　(旧 421 本郷町)
34204,9,　　(旧 442 久井町)
34205,2,尾道市
34205,9,　　(旧 205 尾道市)
34205,9,　　(旧 206 因島市)
34205,9,　　(旧 430 瀬戸田町)
34205,9,　　(旧 441 御調町)
34205,9,　　(旧 444 向島町)
34207,2,福山市
34207,9,　　(旧 207 福山市)
34207,9,　　(旧 481 内海町)
34207,9,　　(旧 482 沼隈町)
34207,9,　　(旧 501 神辺町)
34207,9,　　(旧 524 新市町)
34208,2,府中市
34208,9,　　(旧 208 府中市)
34208,9,　　(旧 561 上下町)
34209,2,三次市
34209,9,　　(旧 209 三次市)
34209,9,　　(旧 563 甲奴町)
34209,9,　　(旧 581 君田村)
34209,9,　　(旧 582 布野村)
34209,9,　　(旧 583 作木村)
34209,9,　　(旧 584 吉舎町)
34209,9,　　(旧 585 三良坂町)
34209,9,　　(旧 586 三和町)
34210,2,庄原市
34210,9,　　(旧 210 庄原市)
34210,9,　　(旧 562 総領町)
34210,9,　　(旧 601 西城町)
34210,9,　　(旧 602 東城町)
34210,9,　　(旧 603 口和町)
34210,9,　　(旧 604 高野町)
34210,9,　　(旧 605 比和町)
34211,2,大竹市
34212,2,東広島市
34212,9,　　(旧 212 東広島市)
34212,9,　　(旧 402 黒瀬町)
34212,9,　　(旧 405 福富町)
34212,9,　　(旧 406 豊栄町)
34212,9,　　(旧 408 河内町)
34212,9,　　(旧 422 安芸津町)
34213,2,廿日市市
34213,9,　　(旧 213 廿日市市)
34213,9,　　(旧 323 大野町)
34213,9,　　(旧 325 佐伯町)
34213,9,　　(旧 326 吉和村)
34213,9,　　(旧 327 宮島町)
34214,2,安芸高田市
34214,9,　　(旧 381 吉田町)
34214,9,　　(旧 382 八千代町)
34214,9,　　(旧 383 美土里町)
34214,9,　　(旧 384 高宮町)
34214,9,　　(旧 385 甲田町)
34214,9,　　(旧 386 向原町)
34215,2,江田島市
34215,9,　　(旧 310 江田島町)
34215,9,　　(旧 328 能美町)
34215,9,　　(旧 329 沖美町)
34215,9,　　(旧 330 大柿町)
34300,c,安芸郡
34302,3,府中町
34304,3,海田町
34307,3,熊野町
34309,3,坂町
34360,c,山県郡
34368,3,安芸太田町
34368,9,　　(旧 361 加計町)
34368,9,　　(旧 362 筒賀村)
34368,9,　　(旧 363 戸河内町)
34369,3,北広島町
34369,9,　　(旧 364 芸北町)
34369,9,　　(旧 365 大朝町)
34369,9,　　(旧 366 千代田町)
34369,9,　　(旧 367 豊平町)
34420,c,豊田郡
34431,3,大崎上島町
34431,9,　　(旧 427 大崎町)
34431,9,　　(旧 428 東野町)
34431,9,　　(旧 429 木江町)
34460,c,世羅郡
34462,3,世羅町
34462,9,　　(旧 461 甲山町)
34462,9,　　(旧 462 世羅町)
34462,9,　　(旧 463 世羅西町)
34540,c,神石郡
34545,3,神石高原町
34545,9,　　(旧 541 油木町)
34545,9,　　(旧 542 神石町)
34545,9,　　(旧 543 豊松村)
34545,9,　　(旧 544 三和町)
35000,a,山口県
35001,b,市部
35002,b,郡部
35201,2,下関市
35201,9,　　(旧 201 下関市)
35201,9,　　(旧 441 菊川町)
35201,9,　　(旧 442 豊田町)
35201,9,　　(旧 443 豊浦町)
35201,9,　　(旧 444 豊北町)
35202,2,宇部市
35202,9,　　(旧 202 宇部市)
35202,9,　　(旧 421 楠町)
35203,2,山口市
35203,9,　　(旧 203 山口市)
35203,9,　　(旧 381 徳地町)
35203,9,　　(旧 401 秋穂町)
35203,9,　　(旧 402 小郡町)
35203,9,　　(旧 403 阿知須町)
35203,9,　　(旧 504 阿東町)
35204,2,萩市
35204,9,　　(旧 204 萩市)
35204,9,　　(旧 501 川上村)
35204,9,　　(旧 503 田万川町)
35204,9,　　(旧 505 むつみ村)
35204,9,　　(旧 506 須佐町)
35204,9,　　(旧 507 旭村)
35204,9,　　(旧 508 福栄村)
35206,2,防府市
35207,2,下松市
35208,2,岩国市
35208,9,　　(旧 208 岩国市)
35208,9,　　(旧 322 由宇町)
35208,9,　　(旧 323 玖珂町)
35208,9,　　(旧 324 本郷村)
35208,9,　　(旧 325 周東町)
35208,9,　　(旧 326 錦町)
35208,9,　　(旧 328 美川町)
35208,9,　　(旧 329 美和町)
35210,2,光市
35210,9,　　(旧 210 光市)
35210,9,　　(旧 342 大和町)
35211,2,長門市
35211,9,　　(旧 211 長門市)
35211,9,　　(旧 481 三隅町)
35211,9,　　(旧 482 日置町)
35211,9,　　(旧 483 油谷町)
35212,2,柳井市
35212,9,　　(旧 212 柳井市)
35212,9,　　(旧 327 大畠町)
35213,2,美祢市
35213,9,　　(旧 213 美祢市)
35213,9,　　(旧 461 美東町)
35213,9,　　(旧 462 秋芳町)
35215,2,周南市
35215,9,　　(旧 205 徳山市)
35215,9,　　(旧 214 新南陽市)
35215,9,　　(旧 345 熊毛町)
35215,9,　　(旧 361 鹿野町)
35216,2,山陽小野田市
35216,9,　　(旧 209 小野田市)
35216,9,　　(旧 422 山陽町)
35300,c,大島郡
35305,3,周防大島町
35305,9,　　(旧 301 久賀町)
35305,9,　　(旧 302 大島町)
35305,9,　　(旧 303 東和町)
35305,9,　　(旧 304 橘町)
35320,c,玖珂郡
35321,3,和木町
35340,c,熊毛郡
35341,3,上関町
35343,3,田布施町
35344,3,平生町
35500,c,阿武郡
35502,3,阿武町
36000,a,徳島県
36001,b,市部
36002,b,郡部
36201,2,徳島市
36202,2,鳴門市
36203,2,小松島市
36204,2,阿南市
36204,9,　　(旧 204 阿南市)
36204,9,　　(旧 361 那賀川町)
36204,9,　　(旧 362 羽ノ浦町)
36205,2,吉野川市
36205,9,　　(旧 441 鴨島町)
36205,9,　　(旧 442 川島町)
36205,9,　　(旧 443 山川町)
36205,9,　　(旧 444 美郷村)
36206,2,阿波市
36206,9,　　(旧 406 吉野町)
36206,9,　　(旧 407 土成町)
36206,9,　　(旧 421 市場町)
36206,9,　　(旧 422 阿波町)
36207,2,美馬市
36207,9,　　(旧 461 脇町)
36207,9,　　(旧 462 美馬町)
36207,9,　　(旧 466 穴吹町)
36207,9,　　(旧 467 木屋平村)
36208,2,三好市
36208,9,　　(旧 481 三野町)
36208,9,　　(旧 483 池田町)
36208,9,　　(旧 484 山城町)
36208,9,　　(旧 485 井川町)
36208,9,　　(旧 487 東祖谷山村)
36208,9,　　(旧 488 西祖谷山村)
36300,c,勝浦郡
36301,3,勝浦町
36302,3,上勝町
36320,c,名東郡
36321,3,佐那河内村
36340,c,名西郡
36341,3,石井町
36342,3,神山町
36360,c,那賀郡
36368,3,那賀町
36368,9,　　(旧 363 鷲敷町)
36368,9,　　(旧 364 相生町)
36368,9,　　(旧 365 上那賀町)
36368,9,　　(旧 366 木沢村)
36368,9,　　(旧 367 木頭村)
36380,c,海部郡
36383,3,牟岐町
36387,3,美波町
36387,9,　　(旧 381 由岐町)
36387,9,　　(旧 382 日和佐町)
36388,3,海陽町
36388,9,　　(旧 384 海南町)
36388,9,　　(旧 385 海部町)
36388,9,　　(旧 386 宍喰町)
36400,c,板野郡
36401,3,松茂町
36402,3,北島町
36403,3,藍住町
36404,3,板野町
36405,3,上板町
36460,c,美馬郡
36468,3,つるぎ町
36468,9,　　(旧 463 半田町)
36468,9,　　(旧 464 貞光町)
36468,9,　　(旧 465 一宇村)
36480,c,三好郡
36489,3,東みよし町
36489,9,　　(旧 482 三好町)
36489,9,　　(旧 486 三加茂町)
37000,a,香川県
37001,b,市部
37002,b,郡部
37201,2,高松市
37201,9,　　(旧 201 高松市)
37201,9,　　(旧 342 牟礼町)
37201,9,　　(旧 343 庵治町)
37201,9,　　(旧 361 塩江町)
37201,9,　　(旧 362 香川町)
37201,9,　　(旧 363 香南町)
37201,9,　　(旧 383 国分寺町)
37202,2,丸亀市
37202,9,　　(旧 202 丸亀市)
37202,9,　　(旧 384 綾歌町)
37202,9,　　(旧 385 飯山町)
37203,2,坂出市
37204,2,善通寺市
37205,2,観音寺市
37205,9,　　(旧 205 観音寺市)
37205,9,　　(旧 424 大野原町)
37205,9,　　(旧 428 豊浜町)
37206,2,さぬき市
37206,9,　　(旧 304 津田町)
37206,9,　　(旧 305 大川町)
37206,9,　　(旧 306 志度町)
37206,9,　　(旧 307 寒川町)
37206,9,　　(旧 308 長尾町)
37207,2,東かがわ市
37207,9,　　(旧 301 引田町)
37207,9,　　(旧 302 白鳥町)
37207,9,　　(旧 303 大内町)
37208,2,三豊市
37208,9,　　(旧 421 高瀬町)
37208,9,　　(旧 422 山本町)
37208,9,　　(旧 423 三野町)
37208,9,　　(旧 425 豊中町)
37208,9,　　(旧 426 詫間町)
37208,9,　　(旧 427 仁尾町)
37208,9,　　(旧 429 財田町)
37320,c,小豆郡
37322,3,土庄町
37324,3,小豆島町
37324,9,　　(旧 321 内海町)
37324,9,　　(旧 323 池田町)
37340,c,木田郡
37341,3,三木町
37360,c,香川郡
37364,3,直島町
37380,c,綾歌郡
37386,3,宇多津町
37387,3,綾川町
37387,9,　　(旧 381 綾上町)
37387,9,　　(旧 382 綾南町)
37400,c,仲多度郡
37403,3,琴平町
37404,3,多度津町
37406,3,まんのう町
37406,9,　　(旧 401 琴南町)
37406,9,　　(旧 402 満濃町)
37406,9,　　(旧 405 仲南町)
38000,a,愛媛県
38001,b,市部
38002,b,郡部
38201,2,松山市
38201,9,　　(旧 201 松山市)
38201,9,　　(旧 211 北条市)
38201,9,　　(旧 363 中島町)
38202,2,今治市
38202,9,　　(旧 202 今治市)
38202,9,　　(旧 341 朝倉村)
38202,9,　　(旧 342 玉川町)
38202,9,　　(旧 343 波方町)
38202,9,　　(旧 344 大西町)
38202,9,　　(旧 345 菊間町)
38202,9,　　(旧 346 吉海町)
38202,9,　　(旧 347 宮窪町)
38202,9,　　(旧 348 伯方町)
38202,9,　　(旧 353 上浦町)
38202,9,　　(旧 354 大三島町)
38202,9,　　(旧 355 関前村)
38203,2,宇和島市
38203,9,　　(旧 203 宇和島市)
38203,9,　　(旧 481 吉田町)
38203,9,　　(旧 482 三間町)
38203,9,　　(旧 486 津島町)
38204,2,八幡浜市
38204,9,　　(旧 204 八幡浜市)
38204,9,　　(旧 441 保内町)
38205,2,新居浜市
38205,9,　　(旧 205 新居浜市)
38205,9,　　(旧 303 別子山村)
38206,2,西条市
38206,9,　　(旧 206 西条市)
38206,9,　　(旧 212 東予市)
38206,9,　　(旧 321 小松町)
38206,9,　　(旧 323 丹原町)
38207,2,大洲市
38207,9,　　(旧 207 大洲市)
38207,9,　　(旧 421 長浜町)
38207,9,　　(旧 424 肱川町)
38207,9,　　(旧 425 河辺村)
38210,2,伊予市
38210,9,　　(旧 210 伊予市)
38210,9,　　(旧 404 中山町)
38210,9,　　(旧 405 双海町)
38213,2,四国中央市
38213,9,　　(旧 208 川之江市)
38213,9,　　(旧 209 伊予三島市)
38213,9,　　(旧 301 新宮村)
38213,9,　　(旧 302 土居町)
38214,2,西予市
38214,9,　　(旧 445 三瓶町)
38214,9,　　(旧 461 明浜町)
38214,9,　　(旧 462 宇和町)
38214,9,　　(旧 463 野村町)
38214,9,　　(旧 464 城川町)
38215,2,東温市
38215,9,　　(旧 361 重信町)
38215,9,　　(旧 362 川内町)
38340,c,越智郡
38356,3,上島町
38356,9,　　(旧 349 魚島村)
38356,9,　　(旧 350 弓削町)
38356,9,　　(旧 351 生名村)
38356,9,　　(旧 352 岩城村)
38380,c,上浮穴郡
38386,3,久万高原町
38386,9,　　(旧 381 久万町)
38386,9,　　(旧 382 面河村)
38386,9,　　(旧 383 美川村)
38386,9,　　(旧 384 柳谷村)
38400,c,伊予郡
38401,3,松前町
38402,3,砥部町
38402,9,　　(旧 402 砥部町)
38402,9,　　(旧 403 広田村)
38420,c,喜多郡
38422,3,内子町
38422,9,　　(旧 385 小田町)
38422,9,　　(旧 422 内子町)
38422,9,　　(旧 423 五十崎町)
38440,c,西宇和郡
38442,3,伊方町
38442,9,　　(旧 442 伊方町)
38442,9,　　(旧 443 瀬戸町)
38442,9,　　(旧 444 三崎町)
38480,c,北宇和郡
38484,3,松野町
38488,3,鬼北町
38488,9,　　(旧 483 広見町)
38488,9,　　(旧 485 日吉村)
38500,c,南宇和郡
38506,3,愛南町
38506,9,　　(旧 501 内海村)
38506,9,　　(旧 502 御荘町)
38506,9,　　(旧 503 城辺町)
38506,9,　　(旧 504 一本松町)
38506,9,　　(旧 505 西海町)
39000,a,高知県
39001,b,市部
39002,b,郡部
39201,2,高知市
39201,9,　　(旧 201 高知市)
39201,9,　　(旧 361 鏡村)
39201,9,　　(旧 362 土佐山村)
39201,9,　　(旧 383 春野町)
39202,2,室戸市
39203,2,安芸市
39204,2,南国市
39205,2,土佐市
39206,2,須崎市
39208,2,宿毛市
39209,2,土佐清水市
39210,2,四万十市
39210,9,　　(旧 207 中村市)
39210,9,　　(旧 426 西土佐村)
39211,2,香南市
39211,9,　　(旧 321 赤岡町)
39211,9,　　(旧 322 香我美町)
39211,9,　　(旧 324 野市町)
39211,9,　　(旧 325 夜須町)
39211,9,　　(旧 327 吉川村)
39212,2,香美市
39212,9,　　(旧 323 土佐山田町)
39212,9,　　(旧 326 香北町)
39212,9,　　(旧 328 物部村)
39300,c,安芸郡
39301,3,東洋町
39302,3,奈半利町
39303,3,田野町
39304,3,安田町
39305,3,北川村
39306,3,馬路村
39307,3,芸西村
39340,c,長岡郡
39341,3,本山町
39344,3,大豊町
39360,c,土佐郡
39363,3,土佐町
39364,3,大川村
39380,c,吾川郡
39386,3,いの町
39386,9,　　(旧 365 本川村)
39386,9,　　(旧 381 伊野町)
39386,9,　　(旧 385 吾北村)
39387,3,仁淀川町
39387,9,　　(旧 382 池川町)
39387,9,　　(旧 384 吾川村)
39387,9,　　(旧 409 仁淀村)
39400,c,高岡郡
39401,3,中土佐町
39401,9,　　(旧 401 中土佐町)
39401,9,　　(旧 406 大野見村)
39402,3,佐川町
39403,3,越知町
39405,3,檮原町
39410,3,日高村
39411,3,津野町
39411,9,　　(旧 407 東津野村)
39411,9,　　(旧 408 葉山村)
39412,3,四万十町
39412,9,　　(旧 404 窪川町)
39412,9,　　(旧 422 大正町)
39412,9,　　(旧 425 十和村)
39420,c,幡多郡
39424,3,大月町
39427,3,三原村
39428,3,黒潮町
39428,9,　　(旧 421 佐賀町)
39428,9,　　(旧 423 大方町)
40000,a,福岡県
40001,b,市部
40002,b,郡部
40100,1,北九州市
40101,0,北九州市 門司区
40103,0,北九州市 若松区
40105,0,北九州市 戸畑区
40106,0,北九州市 小倉北区
40107,0,北九州市 小倉南区
40108,0,北九州市 八幡東区
40109,0,北九州市 八幡西区
40130,1,福岡市
40131,0,福岡市 東区
40132,0,福岡市 博多区
40133,0,福岡市 中央区
40134,0,福岡市 南区
40135,0,福岡市 西区
40136,0,福岡市 城南区
40137,0,福岡市 早良区
40202,2,大牟田市
40203,2,久留米市
40203,9,　　(旧 203 久留米市)
40203,9,　　(旧 482 田主丸町)
40203,9,　　(旧 501 北野町)
40203,9,　　(旧 521 城島町)
40203,9,　　(旧 523 三潴町)
40204,2,直方市
40205,2,飯塚市
40205,9,　　(旧 205 飯塚市)
40205,9,　　(旧 425 筑穂町)
40205,9,　　(旧 426 穂波町)
40205,9,　　(旧 427 庄内町)
40205,9,　　(旧 428 頴田町)
40206,2,田川市
40207,2,柳川市
40207,9,　　(旧 207 柳川市)
40207,9,　　(旧 562 大和町)
40207,9,　　(旧 563 三橋町)
40210,2,八女市
40210,9,　　(旧 210 八女市)
40210,9,　　(旧 541 黒木町)
40210,9,　　(旧 542 上陽町)
40210,9,　　(旧 543 立花町)
40210,9,　　(旧 545 矢部村)
40210,9,　　(旧 546 星野村)
40211,2,筑後市
40212,2,大川市
40213,2,行橋市
40214,2,豊前市
40215,2,中間市
40216,2,小郡市
40217,2,筑紫野市
40218,2,春日市
40219,2,大野城市
40220,2,宗像市
40220,9,　　(旧 220 宗像市)
40220,9,　　(旧 364 玄海町)
40220,9,　　(旧 365 大島村)
40221,2,太宰府市
40223,2,古賀市
40224,2,福津市
40224,9,　　(旧 362 福間町)
40224,9,　　(旧 363 津屋崎町)
40225,2,うきは市
40225,9,　　(旧 481 吉井町)
40225,9,　　(旧 483 浮羽町)
40226,2,宮若市
40226,9,　　(旧 403 宮田町)
40226,9,　　(旧 404 若宮町)
40227,2,嘉麻市
40227,9,　　(旧 208 山田市)
40227,9,　　(旧 422 稲築町)
40227,9,　　(旧 423 碓井町)
40227,9,　　(旧 424 嘉穂町)
40228,2,朝倉市
40228,9,　　(旧 209 甘木市)
40228,9,　　(旧 441 杷木町)
40228,9,　　(旧 442 朝倉町)
40229,2,みやま市
40229,9,　　(旧 561 瀬高町)
40229,9,　　(旧 564 山川町)
40229,9,　　(旧 581 高田町)
40230,2,糸島市
40230,9,　　(旧 222 前原市)
40230,9,　　(旧 462 二丈町)
40230,9,　　(旧 463 志摩町)
40300,c,筑紫郡
40305,3,那珂川町
40340,c,糟屋郡
40341,3,宇美町
40342,3,篠栗町
40343,3,志免町
40344,3,須恵町
40345,3,新宮町
40348,3,久山町
40349,3,粕屋町
40380,c,遠賀郡
40381,3,芦屋町
40382,3,水巻町
40383,3,岡垣町
40384,3,遠賀町
40400,c,鞍手郡
40401,3,小竹町
40402,3,鞍手町
40420,c,嘉穂郡
40421,3,桂川町
40440,c,朝倉郡
40447,3,筑前町
40447,9,　　(旧 443 三輪町)
40447,9,　　(旧 444 夜須町)
40448,3,東峰村
40448,9,　　(旧 445 小石原村)
40448,9,　　(旧 446 宝珠山村)
40500,c,三井郡
40503,3,大刀洗町
40520,c,三潴郡
40522,3,大木町
40540,c,八女郡
40544,3,広川町
40600,c,田川郡
40601,3,香春町
40602,3,添田町
40604,3,糸田町
40605,3,川崎町
40608,3,大任町
40609,3,赤村
40610,3,福智町
40610,9,　　(旧 603 金田町)
40610,9,　　(旧 606 赤池町)
40610,9,　　(旧 607 方城町)
40620,c,京都郡
40621,3,苅田町
40625,3,みやこ町
40625,9,　　(旧 622 犀川町)
40625,9,　　(旧 623 勝山町)
40625,9,　　(旧 624 豊津町)
40640,c,築上郡
40642,3,吉富町
40646,3,上毛町
40646,9,　　(旧 644 新吉富村)
40646,9,　　(旧 645 大平村)
40647,3,築上町
40647,9,　　(旧 641 椎田町)
40647,9,　　(旧 643 築城町)
41000,a,佐賀県
41001,b,市部
41002,b,郡部
41201,2,佐賀市
41201,9,　　(旧 201 佐賀市)
41201,9,　　(旧 301 諸富町)
41201,9,　　(旧 302 川副町)
41201,9,　　(旧 303 東与賀町)
41201,9,　　(旧 304 久保田町)
41201,9,　　(旧 305 大和町)
41201,9,　　(旧 306 富士町)
41201,9,　　(旧 326 三瀬村)
41202,2,唐津市
41202,9,　　(旧 202 唐津市)
41202,9,　　(旧 381 浜玉町)
41202,9,　　(旧 382 七山村)
41202,9,　　(旧 383 厳木町)
41202,9,　　(旧 384 相知町)
41202,9,　　(旧 385 北波多村)
41202,9,　　(旧 386 肥前町)
41202,9,　　(旧 388 鎮西町)
41202,9,　　(旧 389 呼子町)
41203,2,鳥栖市
41204,2,多久市
41205,2,伊万里市
41206,2,武雄市
41206,9,　　(旧 206 武雄市)
41206,9,　　(旧 421 山内町)
41206,9,　　(旧 422 北方町)
41207,2,鹿島市
41208,2,小城市
41208,9,　　(旧 361 小城町)
41208,9,　　(旧 362 三日月町)
41208,9,　　(旧 363 牛津町)
41208,9,　　(旧 364 芦刈町)
41209,2,嬉野市
41209,9,　　(旧 442 塩田町)
41209,9,　　(旧 443 嬉野町)
41210,2,神埼市
41210,9,　　(旧 321 神埼町)
41210,9,　　(旧 322 千代田町)
41210,9,　　(旧 325 脊振村)
41320,c,神埼郡
41327,3,吉野ヶ里町
41327,9,　　(旧 323 三田川町)
41327,9,　　(旧 324 東脊振村)
41340,c,三養基郡
41341,3,基山町
41345,3,上峰町
41346,3,みやき町
41346,9,　　(旧 342 中原町)
41346,9,　　(旧 343 北茂安町)
41346,9,　　(旧 344 三根町)
41380,c,東松浦郡
41387,3,玄海町
41400,c,西松浦郡
41401,3,有田町
41401,9,　　(旧 401 有田町)
41401,9,　　(旧 402 西有田町)
41420,c,杵島郡
41423,3,大町町
41424,3,江北町
41425,3,白石町
41425,9,　　(旧 425 白石町)
41425,9,　　(旧 426 福富町)
41425,9,　　(旧 427 有明町)
41440,c,藤津郡
41441,3,太良町
42000,a,長崎県
42001,b,市部
42002,b,郡部
42201,2,長崎市
42201,9,　　(旧 201 長崎市)
42201,9,　　(旧 301 香焼町)
42201,9,　　(旧 302 伊王島町)
42201,9,　　(旧 303 高島町)
42201,9,　　(旧 304 野母崎町)
42201,9,　　(旧 305 三和町)
42201,9,　　(旧 309 琴海町)
42201,9,　　(旧 315 外海町)
42202,2,佐世保市
42202,9,　　(旧 202 佐世保市)
42202,9,　　(旧 384 宇久町)
42202,9,　　(旧 388 江迎町)
42202,9,　　(旧 389 鹿町町)
42202,9,　　(旧 390 小佐々町)
42202,9,　　(旧 392 吉井町)
42202,9,　　(旧 393 世知原町)
42203,2,島原市
42203,9,　　(旧 203 島原市)
42203,9,　　(旧 361 有明町)
42204,2,諫早市
42204,9,　　(旧 204 諫早市)
42204,9,　　(旧 306 多良見町)
42204,9,　　(旧 341 森山町)
42204,9,　　(旧 342 飯盛町)
42204,9,　　(旧 343 高来町)
42204,9,　　(旧 344 小長井町)
42205,2,大村市
42207,2,平戸市
42207,9,　　(旧 207 平戸市)
42207,9,　　(旧 381 大島村)
42207,9,　　(旧 382 生月町)
42207,9,　　(旧 385 田平町)
42208,2,松浦市
42208,9,　　(旧 208 松浦市)
42208,9,　　(旧 386 福島町)
42208,9,　　(旧 387 鷹島町)
42209,2,対馬市
42209,9,　　(旧 441 厳原町)
42209,9,　　(旧 442 美津島町)
42209,9,　　(旧 443 豊玉町)
42209,9,　　(旧 444 峰町)
42209,9,　　(旧 445 上県町)
42209,9,　　(旧 446 上対馬町)
42210,2,壱岐市
42210,9,　　(旧 421 郷ノ浦町)
42210,9,　　(旧 422 勝本町)
42210,9,　　(旧 423 芦辺町)
42210,9,　　(旧 424 石田町)
42211,2,五島市
42211,9,　　(旧 206 福江市)
42211,9,　　(旧 401 富江町)
42211,9,　　(旧 402 玉之浦町)
42211,9,　　(旧 403 三井楽町)
42211,9,　　(旧 404 岐宿町)
42211,9,　　(旧 405 奈留町)
42212,2,西海市
42212,9,　　(旧 310 西彼町)
42212,9,　　(旧 311 西海町)
42212,9,　　(旧 312 大島町)
42212,9,　　(旧 313 崎戸町)
42212,9,　　(旧 314 大瀬戸町)
42213,2,雲仙市
42213,9,　　(旧 362 国見町)
42213,9,　　(旧 363 瑞穂町)
42213,9,　　(旧 364 吾妻町)
42213,9,　　(旧 365 愛野町)
42213,9,　　(旧 366 千々石町)
42213,9,　　(旧 367 小浜町)
42213,9,　　(旧 368 南串山町)
42214,2,南島原市
42214,9,　　(旧 369 加津佐町)
42214,9,　　(旧 370 口之津町)
42214,9,　　(旧 371 南有馬町)
42214,9,　　(旧 372 北有馬町)
42214,9,　　(旧 373 西有家町)
42214,9,　　(旧 374 有家町)
42214,9,　　(旧 375 布津町)
42214,9,　　(旧 376 深江町)
42300,c,西彼杵郡
42307,3,長与町
42308,3,時津町
42320,c,東彼杵郡
42321,3,東彼杵町
42322,3,川棚町
42323,3,波佐見町
42380,c,北松浦郡
42383,3,小値賀町
42391,3,佐々町
42400,c,南松浦郡
42411,3,新上五島町
42411,9,　　(旧 406 若松町)
42411,9,　　(旧 407 上五島町)
42411,9,　　(旧 408 新魚目町)
42411,9,　　(旧 409 有川町)
42411,9,　　(旧 410 奈良尾町)
43000,a,熊本県
43001,b,市部
43002,b,郡部
43100,1,熊本市
43100,9,　　(旧 201 熊本市)
43100,9,　　(旧 341 城南町)
43100,9,　　(旧 342 富合町)
43100,9,　　(旧 385 植木町)
43101,0,熊本市 中央区
43102,0,熊本市 東区
43103,0,熊本市 西区
43104,0,熊本市 南区
43105,0,熊本市 北区
43202,2,八代市
43202,9,　　(旧 202 八代市)
43202,9,　　(旧 461 坂本村)
43202,9,　　(旧 462 千丁町)
43202,9,　　(旧 463 鏡町)
43202,9,　　(旧 466 東陽村)
43202,9,　　(旧 467 泉村)
43203,2,人吉市
43204,2,荒尾市
43205,2,水俣市
43206,2,玉名市
43206,9,　　(旧 206 玉名市)
43206,9,　　(旧 361 岱明町)
43206,9,　　(旧 362 横島町)
43206,9,　　(旧 363 天水町)
43208,2,山鹿市
43208,9,　　(旧 208 山鹿市)
43208,9,　　(旧 381 鹿北町)
43208,9,　　(旧 382 菊鹿町)
43208,9,　　(旧 383 鹿本町)
43208,9,　　(旧 384 鹿央町)
43210,2,菊池市
43210,9,　　(旧 210 菊池市)
43210,9,　　(旧 401 七城町)
43210,9,　　(旧 402 旭志村)
43210,9,　　(旧 406 泗水町)
43211,2,宇土市
43212,2,上天草市
43212,9,　　(旧 521 大矢野町)
43212,9,　　(旧 522 松島町)
43212,9,　　(旧 524 姫戸町)
43212,9,　　(旧 525 龍ケ岳町)
43213,2,宇城市
43213,9,　　(旧 321 三角町)
43213,9,　　(旧 322 不知火町)
43213,9,　　(旧 343 松橋町)
43213,9,　　(旧 344 小川町)
43213,9,　　(旧 345 豊野町)
43214,2,阿蘇市
43214,9,　　(旧 421 一の宮町)
43214,9,　　(旧 422 阿蘇町)
43214,9,　　(旧 426 波野村)
43215,2,天草市
43215,9,　　(旧 207 本渡市)
43215,9,　　(旧 209 牛深市)
43215,9,　　(旧 523 有明町)
43215,9,　　(旧 526 御所浦町)
43215,9,　　(旧 527 倉岳町)
43215,9,　　(旧 528 栖本町)
43215,9,　　(旧 529 新和町)
43215,9,　　(旧 530 五和町)
43215,9,　　(旧 532 天草町)
43215,9,　　(旧 533 河浦町)
43216,2,合志市
43216,9,　　(旧 405 合志町)
43216,9,　　(旧 407 西合志町)
43340,c,下益城郡
43348,3,美里町
43348,9,　　(旧 346 中央町)
43348,9,　　(旧 347 砥用町)
43360,c,玉名郡
43364,3,玉東町
43367,3,南関町
43368,3,長洲町
43369,3,和水町
43369,9,　　(旧 365 菊水町)
43369,9,　　(旧 366 三加和町)
43400,c,菊池郡
43403,3,大津町
43404,3,菊陽町
43420,c,阿蘇郡
43423,3,南小国町
43424,3,小国町
43425,3,産山村
43428,3,高森町
43432,3,西原村
43433,3,南阿蘇村
43433,9,　　(旧 429 白水村)
43433,9,　　(旧 430 久木野村)
43433,9,　　(旧 431 長陽村)
43440,c,上益城郡
43441,3,御船町
43442,3,嘉島町
43443,3,益城町
43444,3,甲佐町
43447,3,山都町
43447,9,　　(旧 427 蘇陽町)
43447,9,　　(旧 445 矢部町)
43447,9,　　(旧 446 清和村)
43460,c,八代郡
43468,3,氷川町
43468,9,　　(旧 464 竜北町)
43468,9,　　(旧 465 宮原町)
43480,c,葦北郡
43482,3,芦北町
43482,9,　　(旧 481 田浦町)
43482,9,　　(旧 482 芦北町)
43484,3,津奈木町
43500,c,球磨郡
43501,3,錦町
43505,3,多良木町
43506,3,湯前町
43507,3,水上村
43510,3,相良村
43511,3,五木村
43512,3,山江村
43513,3,球磨村
43514,3,あさぎり町
43514,9,　　(旧 502 上村)
43514,9,　　(旧 503 免田町)
43514,9,　　(旧 504 岡原村)
43514,9,　　(旧 508 須恵村)
43514,9,　　(旧 509 深田村)
43520,c,天草郡
43531,3,苓北町
44000,a,大分県
44001,b,市部
44002,b,郡部
44201,2,大分市
44201,9,　　(旧 201 大分市)
44201,9,　　(旧 361 野津原町)
44201,9,　　(旧 381 佐賀関町)
44202,2,別府市
44203,2,中津市
44203,9,　　(旧 203 中津市)
44203,9,　　(旧 501 三光村)
44203,9,　　(旧 502 本耶馬渓町)
44203,9,　　(旧 503 耶馬溪町)
44203,9,　　(旧 504 山国町)
44204,2,日田市
44204,9,　　(旧 204 日田市)
44204,9,　　(旧 481 前津江村)
44204,9,　　(旧 482 中津江村)
44204,9,　　(旧 483 上津江村)
44204,9,　　(旧 484 大山町)
44204,9,　　(旧 485 天瀬町)
44205,2,佐伯市
44205,9,　　(旧 205 佐伯市)
44205,9,　　(旧 401 上浦町)
44205,9,　　(旧 402 弥生町)
44205,9,　　(旧 403 本匠村)
44205,9,　　(旧 404 宇目町)
44205,9,　　(旧 405 直川村)
44205,9,　　(旧 406 鶴見町)
44205,9,　　(旧 407 米水津村)
44205,9,　　(旧 408 蒲江町)
44206,2,臼杵市
44206,9,　　(旧 206 臼杵市)
44206,9,　　(旧 421 野津町)
44207,2,津久見市
44208,2,竹田市
44208,9,　　(旧 208 竹田市)
44208,9,　　(旧 441 荻町)
44208,9,　　(旧 442 久住町)
44208,9,　　(旧 443 直入町)
44209,2,豊後高田市
44209,9,　　(旧 209 豊後高田市)
44209,9,　　(旧 302 真玉町)
44209,9,　　(旧 303 香々地町)
44210,2,杵築市
44210,9,　　(旧 210 杵築市)
44210,9,　　(旧 301 大田村)
44210,9,　　(旧 342 山香町)
44211,2,宇佐市
44211,9,　　(旧 211 宇佐市)
44211,9,　　(旧 521 院内町)
44211,9,　　(旧 522 安心院町)
44212,2,豊後大野市
44212,9,　　(旧 422 三重町)
44212,9,　　(旧 423 清川村)
44212,9,　　(旧 424 緒方町)
44212,9,　　(旧 425 朝地町)
44212,9,　　(旧 426 大野町)
44212,9,　　(旧 427 千歳村)
44212,9,　　(旧 428 犬飼町)
44213,2,由布市
44213,9,　　(旧 362 挾間町)
44213,9,　　(旧 363 庄内町)
44213,9,　　(旧 364 湯布院町)
44214,2,国東市
44214,9,　　(旧 321 国見町)
44214,9,　　(旧 323 国東町)
44214,9,　　(旧 324 武蔵町)
44214,9,　　(旧 325 安岐町)
44320,c,東国東郡
44322,3,姫島村
44340,c,速見郡
44341,3,日出町
44460,c,玖珠郡
44461,3,九重町
44462,3,玖珠町
45000,a,宮崎県
45001,b,市部
45002,b,郡部
45201,2,宮崎市
45201,9,　　(旧 201 宮崎市)
45201,9,　　(旧 301 清武町)
45201,9,　　(旧 302 田野町)
45201,9,　　(旧 303 佐土原町)
45201,9,　　(旧 381 高岡町)
45202,2,都城市
45202,9,　　(旧 202 都城市)
45202,9,　　(旧 342 山之口町)
45202,9,　　(旧 343 高城町)
45202,9,　　(旧 344 山田町)
45202,9,　　(旧 345 高崎町)
45203,2,延岡市
45203,9,　　(旧 203 延岡市)
45203,9,　　(旧 426 北方町)
45203,9,　　(旧 427 北川町)
45203,9,　　(旧 428 北浦町)
45204,2,日南市
45204,9,　　(旧 204 日南市)
45204,9,　　(旧 321 北郷町)
45204,9,　　(旧 322 南郷町)
45205,2,小林市
45205,9,　　(旧 205 小林市)
45205,9,　　(旧 362 野尻町)
45205,9,　　(旧 363 須木村)
45206,2,日向市
45206,9,　　(旧 206 日向市)
45206,9,　　(旧 422 東郷町)
45207,2,串間市
45208,2,西都市
45209,2,えびの市
45340,c,北諸県郡
45341,3,三股町
45360,c,西諸県郡
45361,3,高原町
45380,c,東諸県郡
45382,3,国富町
45383,3,綾町
45400,c,児湯郡
45401,3,高鍋町
45402,3,新富町
45403,3,西米良村
45404,3,木城町
45405,3,川南町
45406,3,都農町
45420,c,東臼杵郡
45421,3,門川町
45429,3,諸塚村
45430,3,椎葉村
45431,3,美郷町
45431,9,　　(旧 423 南郷村)
45431,9,　　(旧 424 西郷村)
45431,9,　　(旧 425 北郷村)
45440,c,西臼杵郡
45441,3,高千穂町
45442,3,日之影町
45443,3,五ヶ瀬町
46000,a,鹿児島県
46001,b,市部
46002,b,郡部
46201,2,鹿児島市
46201,9,　　(旧 201 鹿児島市)
46201,9,　　(旧 301 吉田町)
46201,9,　　(旧 302 桜島町)
46201,9,　　(旧 321 喜入町)
46201,9,　　(旧 364 松元町)
46201,9,　　(旧 365 郡山町)
46203,2,鹿屋市
46203,9,　　(旧 203 鹿屋市)
46203,9,　　(旧 462 輝北町)
46203,9,　　(旧 481 串良町)
46203,9,　　(旧 485 吾平町)
46204,2,枕崎市
46206,2,阿久根市
46208,2,出水市
46208,9,　　(旧 208 出水市)
46208,9,　　(旧 401 野田町)
46208,9,　　(旧 402 高尾野町)
46210,2,指宿市
46210,9,　　(旧 210 指宿市)
46210,9,　　(旧 322 山川町)
46210,9,　　(旧 324 開聞町)
46213,2,西之表市
46214,2,垂水市
46215,2,薩摩川内市
46215,9,　　(旧 202 川内市)
46215,9,　　(旧 381 樋脇町)
46215,9,　　(旧 382 入来町)
46215,9,　　(旧 383 東郷町)
46215,9,　　(旧 387 祁答院町)
46215,9,　　(旧 388 里村)
46215,9,　　(旧 389 上甑村)
46215,9,　　(旧 390 下甑村)
46215,9,　　(旧 391 鹿島村)
46216,2,日置市
46216,9,　　(旧 362 東市来町)
46216,9,　　(旧 363 伊集院町)
46216,9,　　(旧 366 日吉町)
46216,9,　　(旧 367 吹上町)
46217,2,曽於市
46217,9,　　(旧 461 大隅町)
46217,9,　　(旧 463 財部町)
46217,9,　　(旧 464 末吉町)
46218,2,霧島市
46218,9,　　(旧 212 国分市)
46218,9,　　(旧 444 溝辺町)
46218,9,　　(旧 445 横川町)
46218,9,　　(旧 448 牧園町)
46218,9,　　(旧 449 霧島町)
46218,9,　　(旧 450 隼人町)
46218,9,　　(旧 451 福山町)
46219,2,いちき串木野市
46219,9,　　(旧 205 串木野市)
46219,9,　　(旧 361 市来町)
46220,2,南さつま市
46220,9,　　(旧 211 加世田市)
46220,9,　　(旧 341 笠沙町)
46220,9,　　(旧 342 大浦町)
46220,9,　　(旧 343 坊津町)
46220,9,　　(旧 368 金峰町)
46221,2,志布志市
46221,9,　　(旧 465 松山町)
46221,9,　　(旧 466 志布志町)
46221,9,　　(旧 467 有明町)
46222,2,奄美市
46222,9,　　(旧 207 名瀬市)
46222,9,　　(旧 526 住用村)
46222,9,　　(旧 528 笠利町)
46223,2,南九州市
46223,9,　　(旧 323 頴娃町)
46223,9,　　(旧 344 知覧町)
46223,9,　　(旧 345 川辺町)
46224,2,伊佐市
46224,9,　　(旧 209 大口市)
46224,9,　　(旧 421 菱刈町)
46225,2,姶良市
46225,9,　　(旧 441 加治木町)
46225,9,　　(旧 442 姶良町)
46225,9,　　(旧 443 蒲生町)
46300,c,鹿児島郡
46303,3,三島村
46304,3,十島村
46380,c,薩摩郡
46392,3,さつま町
46392,9,　　(旧 384 宮之城町)
46392,9,　　(旧 385 鶴田町)
46392,9,　　(旧 386 薩摩町)
46400,c,出水郡
46404,3,長島町
46404,9,　　(旧 403 東町)
46404,9,　　(旧 404 長島町)
46440,c,姶良郡
46452,3,湧水町
46452,9,　　(旧 446 栗野町)
46452,9,　　(旧 447 吉松町)
46460,c,曽於郡
46468,3,大崎町
46480,c,肝属郡
46482,3,東串良町
46490,3,錦江町
46490,9,　　(旧 486 大根占町)
46490,9,　　(旧 488 田代町)
46491,3,南大隅町
46491,9,　　(旧 487 根占町)
46491,9,　　(旧 489 佐多町)
46492,3,肝付町
46492,9,　　(旧 483 内之浦町)
46492,9,　　(旧 484 高山町)
46500,c,熊毛郡
46501,3,中種子町
46502,3,南種子町
46505,3,屋久島町
46505,9,　　(旧 503 上屋久町)
46505,9,　　(旧 504 屋久町)
46520,c,大島郡
46523,3,大和村
46524,3,宇検村
46525,3,瀬戸内町
46527,3,龍郷町
46529,3,喜界町
46530,3,徳之島町
46531,3,天城町
46532,3,伊仙町
46533,3,和泊町
46534,3,知名町
46535,3,与論町
47000,a,沖縄県
47001,b,市部
47002,b,郡部
47201,2,那覇市
47205,2,宜野湾市
47207,2,石垣市
47208,2,浦添市
47209,2,名護市
47210,2,糸満市
47211,2,沖縄市
47212,2,豊見城市
47212,9,　　(旧 341 豊見城村)
47213,2,うるま市
47213,9,　　(旧 202 石川市)
47213,9,　　(旧 203 具志川市)
47213,9,　　(旧 322 与那城町)
47213,9,　　(旧 323 勝連町)
47214,2,宮古島市
47214,9,　　(旧 206 平良市)
47214,9,　　(旧 371 城辺町)
47214,9,　　(旧 372 下地町)
47214,9,　　(旧 373 上野村)
47214,9,　　(旧 374 伊良部町)
47215,2,南城市
47215,9,　　(旧 345 玉城村)
47215,9,　　(旧 346 知念村)
47215,9,　　(旧 347 佐敷町)
47215,9,　　(旧 349 大里村)
47300,c,国頭郡
47301,3,国頭村
47302,3,大宜味村
47303,3,東村
47306,3,今帰仁村
47308,3,本部町
47311,3,恩納村
47313,3,宜野座村
47314,3,金武町
47315,3,伊江村
47320,c,中頭郡
47324,3,読谷村
47325,3,嘉手納町
47326,3,北谷町
47327,3,北中城村
47328,3,中城村
47329,3,西原町
47340,c,島尻郡
47348,3,与那原町
47350,3,南風原町
47353,3,渡嘉敷村
47354,3,座間味村
47355,3,粟国村
47356,3,渡名喜村
47357,3,南大東村
47358,3,北大東村
47359,3,伊平屋村
47360,3,伊是名村
47361,3,久米島町
47361,9,　　(旧 351 仲里村)
47361,9,　　(旧 352 具志川村)
47362,3,八重瀬町
47362,9,　　(旧 343 東風平町)
47362,9,　　(旧 344 具志頭村)
47370,c,宮古郡
47375,3,多良間村
47380,c,八重山郡
47381,3,竹富町
47382,3,与那国町
00000,d,全国　人口集中地区
01000,d,北海道　人口集中地区
01100,d,札幌市　人口集中地区
01101,d,札幌市 中央区　人口集中地区
01102,d,札幌市 北区　人口集中地区
01103,d,札幌市 東区　人口集中地区
01104,d,札幌市 白石区　人口集中地区
01105,d,札幌市 豊平区　人口集中地区
01106,d,札幌市 南区　人口集中地区
01107,d,札幌市 西区　人口集中地区
01108,d,札幌市 厚別区　人口集中地区
01109,d,札幌市 手稲区　人口集中地区
01110,d,札幌市 清田区　人口集中地区
01202,d,函館市　人口集中地区
01203,d,小樽市　人口集中地区
01204,d,旭川市　人口集中地区
01205,d,室蘭市　人口集中地区
01206,d,釧路市　人口集中地区
01207,d,帯広市　人口集中地区
01208,d,北見市　人口集中地区
01210,d,岩見沢市　人口集中地区
01211,d,網走市　人口集中地区
01212,d,留萌市　人口集中地区
01213,d,苫小牧市　人口集中地区
01214,d,稚内市　人口集中地区
01215,d,美唄市　人口集中地区
01216,d,芦別市　人口集中地区
01217,d,江別市　人口集中地区
01219,d,紋別市　人口集中地区
01220,d,士別市　人口集中地区
01221,d,名寄市　人口集中地区
01223,d,根室市　人口集中地区
01224,d,千歳市　人口集中地区
01225,d,滝川市　人口集中地区
01226,d,砂川市　人口集中地区
01228,d,深川市　人口集中地区
01229,d,富良野市　人口集中地区
01230,d,登別市　人口集中地区
01231,d,恵庭市　人口集中地区
01233,d,伊達市　人口集中地区
01234,d,北広島市　人口集中地区
01235,d,石狩市　人口集中地区
01236,d,北斗市　人口集中地区
01303,d,当別町　人口集中地区
01337,d,七飯町　人口集中地区
01346,d,八雲町　人口集中地区
01400,d,倶知安町　人口集中地区
01402,d,岩内町　人口集中地区
01408,d,余市町　人口集中地区
01429,d,栗山町　人口集中地区
01460,d,上富良野町　人口集中地区
01543,d,美幌町　人口集中地区
01545,d,斜里町　人口集中地区
01555,d,遠軽町　人口集中地区
01578,d,白老町　人口集中地区
01610,d,新ひだか町　人口集中地区
01631,d,音更町　人口集中地区
01637,d,芽室町　人口集中地区
01643,d,幕別町　人口集中地区
01661,d,釧路町　人口集中地区
01692,d,中標津町　人口集中地区
02000,d,青森県　人口集中地区
02201,d,青森市　人口集中地区
02202,d,弘前市　人口集中地区
02203,d,八戸市　人口集中地区
02204,d,黒石市　人口集中地区
02205,d,五所川原市　人口集中地区
02206,d,十和田市　人口集中地区
02207,d,三沢市　人口集中地区
02208,d,むつ市　人口集中地区
02210,d,平川市　人口集中地区
02401,d,野辺地町　人口集中地区
03000,d,岩手県　人口集中地区
03201,d,盛岡市　人口集中地区
03202,d,宮古市　人口集中地区
03203,d,大船渡市　人口集中地区
03205,d,花巻市　人口集中地区
03206,d,北上市　人口集中地区
03207,d,久慈市　人口集中地区
03209,d,一関市　人口集中地区
03211,d,釜石市　人口集中地区
03215,d,奥州市　人口集中地区
03216,d,滝沢市　人口集中地区
03322,d,矢巾町　人口集中地区
04000,d,宮城県　人口集中地区
04100,d,仙台市　人口集中地区
04101,d,仙台市 青葉区　人口集中地区
04102,d,仙台市 宮城野区　人口集中地区
04103,d,仙台市 若林区　人口集中地区
04104,d,仙台市 太白区　人口集中地区
04105,d,仙台市 泉区　人口集中地区
04202,d,石巻市　人口集中地区
04203,d,塩竈市　人口集中地区
04205,d,気仙沼市　人口集中地区
04206,d,白石市　人口集中地区
04207,d,名取市　人口集中地区
04208,d,角田市　人口集中地区
04209,d,多賀城市　人口集中地区
04211,d,岩沼市　人口集中地区
04212,d,登米市　人口集中地区
04214,d,東松島市　人口集中地区
04215,d,大崎市　人口集中地区
04321,d,大河原町　人口集中地区
04323,d,柴田町　人口集中地区
04361,d,亘理町　人口集中地区
04401,d,松島町　人口集中地区
04404,d,七ヶ浜町　人口集中地区
04406,d,利府町　人口集中地区
04421,d,大和町　人口集中地区
04423,d,富谷町　人口集中地区
05000,d,秋田県　人口集中地区
05201,d,秋田市　人口集中地区
05202,d,能代市　人口集中地区
05203,d,横手市　人口集中地区
05204,d,大館市　人口集中地区
05207,d,湯沢市　人口集中地区
05210,d,由利本荘市　人口集中地区
05212,d,大仙市　人口集中地区
05214,d,にかほ市　人口集中地区
06000,d,山形県　人口集中地区
06201,d,山形市　人口集中地区
06202,d,米沢市　人口集中地区
06203,d,鶴岡市　人口集中地区
06204,d,酒田市　人口集中地区
06205,d,新庄市　人口集中地区
06206,d,寒河江市　人口集中地区
06207,d,上山市　人口集中地区
06208,d,村山市　人口集中地区
06209,d,長井市　人口集中地区
06210,d,天童市　人口集中地区
06211,d,東根市　人口集中地区
06213,d,南陽市　人口集中地区
06301,d,山辺町　人口集中地区
06321,d,河北町　人口集中地区
07000,d,福島県　人口集中地区
07201,d,福島市　人口集中地区
07202,d,会津若松市　人口集中地区
07203,d,郡山市　人口集中地区
07204,d,いわき市　人口集中地区
07205,d,白河市　人口集中地区
07207,d,須賀川市　人口集中地区
07208,d,喜多方市　人口集中地区
07209,d,相馬市　人口集中地区
07210,d,二本松市　人口集中地区
07212,d,南相馬市　人口集中地区
07213,d,伊達市　人口集中地区
07301,d,桑折町　人口集中地区
08000,d,茨城県　人口集中地区
08201,d,水戸市　人口集中地区
08202,d,日立市　人口集中地区
08203,d,土浦市　人口集中地区
08204,d,古河市　人口集中地区
08205,d,石岡市　人口集中地区
08207,d,結城市　人口集中地区
08208,d,龍ケ崎市　人口集中地区
08210,d,下妻市　人口集中地区
08211,d,常総市　人口集中地区
08212,d,常陸太田市　人口集中地区
08214,d,高萩市　人口集中地区
08216,d,笠間市　人口集中地区
08217,d,取手市　人口集中地区
08219,d,牛久市　人口集中地区
08220,d,つくば市　人口集中地区
08221,d,ひたちなか市　人口集中地区
08222,d,鹿嶋市　人口集中地区
08224,d,守谷市　人口集中地区
08226,d,那珂市　人口集中地区
08227,d,筑西市　人口集中地区
08228,d,坂東市　人口集中地区
08230,d,かすみがうら市　人口集中地区
08232,d,神栖市　人口集中地区
08235,d,つくばみらい市　人口集中地区
08309,d,大洗町　人口集中地区
08341,d,東海村　人口集中地区
08443,d,阿見町　人口集中地区
08546,d,境町　人口集中地区
08564,d,利根町　人口集中地区
09000,d,栃木県　人口集中地区
09201,d,宇都宮市　人口集中地区
09202,d,足利市　人口集中地区
09203,d,栃木市　人口集中地区
09204,d,佐野市　人口集中地区
09205,d,鹿沼市　人口集中地区
09206,d,日光市　人口集中地区
09208,d,小山市　人口集中地区
09209,d,真岡市　人口集中地区
09210,d,大田原市　人口集中地区
09211,d,矢板市　人口集中地区
09213,d,那須塩原市　人口集中地区
09216,d,下野市　人口集中地区
09361,d,壬生町　人口集中地区
09364,d,野木町　人口集中地区
09386,d,高根沢町　人口集中地区
10000,d,群馬県　人口集中地区
10201,d,前橋市　人口集中地区
10202,d,高崎市　人口集中地区
10203,d,桐生市　人口集中地区
10204,d,伊勢崎市　人口集中地区
10205,d,太田市　人口集中地区
10206,d,沼田市　人口集中地区
10207,d,館林市　人口集中地区
10208,d,渋川市　人口集中地区
10209,d,藤岡市　人口集中地区
10210,d,富岡市　人口集中地区
10212,d,みどり市　人口集中地区
10464,d,玉村町　人口集中地区
10524,d,大泉町　人口集中地区
11000,d,埼玉県　人口集中地区
11100,d,さいたま市　人口集中地区
11101,d,さいたま市 西区　人口集中地区
11102,d,さいたま市 北区　人口集中地区
11103,d,さいたま市 大宮区　人口集中地区
11104,d,さいたま市 見沼区　人口集中地区
11105,d,さいたま市 中央区　人口集中地区
11106,d,さいたま市 桜区　人口集中地区
11107,d,さいたま市 浦和区　人口集中地区
11108,d,さいたま市 南区　人口集中地区
11109,d,さいたま市 緑区　人口集中地区
11110,d,さいたま市 岩槻区　人口集中地区
11201,d,川越市　人口集中地区
11202,d,熊谷市　人口集中地区
11203,d,川口市　人口集中地区
11206,d,行田市　人口集中地区
11207,d,秩父市　人口集中地区
11208,d,所沢市　人口集中地区
11209,d,飯能市　人口集中地区
11210,d,加須市　人口集中地区
11211,d,本庄市　人口集中地区
11212,d,東松山市　人口集中地区
11214,d,春日部市　人口集中地区
11215,d,狭山市　人口集中地区
11216,d,羽生市　人口集中地区
11217,d,鴻巣市　人口集中地区
11218,d,深谷市　人口集中地区
11219,d,上尾市　人口集中地区
11221,d,草加市　人口集中地区
11222,d,越谷市　人口集中地区
11223,d,蕨市　人口集中地区
11224,d,戸田市　人口集中地区
11225,d,入間市　人口集中地区
11227,d,朝霞市　人口集中地区
11228,d,志木市　人口集中地区
11229,d,和光市　人口集中地区
11230,d,新座市　人口集中地区
11231,d,桶川市　人口集中地区
11232,d,久喜市　人口集中地区
11233,d,北本市　人口集中地区
11234,d,八潮市　人口集中地区
11235,d,富士見市　人口集中地区
11237,d,三郷市　人口集中地区
11238,d,蓮田市　人口集中地区
11239,d,坂戸市　人口集中地区
11240,d,幸手市　人口集中地区
11241,d,鶴ヶ島市　人口集中地区
11242,d,日高市　人口集中地区
11243,d,吉川市　人口集中地区
11245,d,ふじみ野市　人口集中地区
11246,d,白岡市　人口集中地区
11301,d,伊奈町　人口集中地区
11324,d,三芳町　人口集中地区
11326,d,毛呂山町　人口集中地区
11342,d,嵐山町　人口集中地区
11343,d,小川町　人口集中地区
11348,d,鳩山町　人口集中地区
11442,d,宮代町　人口集中地区
11464,d,杉戸町　人口集中地区
11465,d,松伏町　人口集中地区
12000,d,千葉県　人口集中地区
12100,d,千葉市　人口集中地区
12101,d,千葉市 中央区　人口集中地区
12102,d,千葉市 花見川区　人口集中地区
12103,d,千葉市 稲毛区　人口集中地区
12104,d,千葉市 若葉区　人口集中地区
12105,d,千葉市 緑区　人口集中地区
12106,d,千葉市 美浜区　人口集中地区
12202,d,銚子市　人口集中地区
12203,d,市川市　人口集中地区
12204,d,船橋市　人口集中地区
12205,d,館山市　人口集中地区
12206,d,木更津市　人口集中地区
12207,d,松戸市　人口集中地区
12208,d,野田市　人口集中地区
12210,d,茂原市　人口集中地区
12211,d,成田市　人口集中地区
12212,d,佐倉市　人口集中地区
12213,d,東金市　人口集中地区
12216,d,習志野市　人口集中地区
12217,d,柏市　人口集中地区
12219,d,市原市　人口集中地区
12220,d,流山市　人口集中地区
12221,d,八千代市　人口集中地区
12222,d,我孫子市　人口集中地区
12224,d,鎌ケ谷市　人口集中地区
12225,d,君津市　人口集中地区
12227,d,浦安市　人口集中地区
12228,d,四街道市　人口集中地区
12229,d,袖ケ浦市　人口集中地区
12230,d,八街市　人口集中地区
12231,d,印西市　人口集中地区
12232,d,白井市　人口集中地区
12233,d,富里市　人口集中地区
12236,d,香取市　人口集中地区
12239,d,大網白里市　人口集中地区
12322,d,酒々井町　人口集中地区
12329,d,栄町　人口集中地区
13000,d,東京都　人口集中地区
13100,d,特別区部　人口集中地区
13101,d,千代田区　人口集中地区
13102,d,中央区　人口集中地区
13103,d,港区　人口集中地区
13104,d,新宿区　人口集中地区
13105,d,文京区　人口集中地区
13106,d,台東区　人口集中地区
13107,d,墨田区　人口集中地区
13108,d,江東区　人口集中地区
13109,d,品川区　人口集中地区
13110,d,目黒区　人口集中地区
13111,d,大田区　人口集中地区
13112,d,世田谷区　人口集中地区
13113,d,渋谷区　人口集中地区
13114,d,中野区　人口集中地区
13115,d,杉並区　人口集中地区
13116,d,豊島区　人口集中地区
13117,d,北区　人口集中地区
13118,d,荒川区　人口集中地区
13119,d,板橋区　人口集中地区
13120,d,練馬区　人口集中地区
13121,d,足立区　人口集中地区
13122,d,葛飾区　人口集中地区
13123,d,江戸川区　人口集中地区
13201,d,八王子市　人口集中地区
13202,d,立川市　人口集中地区
13203,d,武蔵野市　人口集中地区
13204,d,三鷹市　人口集中地区
13205,d,青梅市　人口集中地区
13206,d,府中市　人口集中地区
13207,d,昭島市　人口集中地区
13208,d,調布市　人口集中地区
13209,d,町田市　人口集中地区
13210,d,小金井市　人口集中地区
13211,d,小平市　人口集中地区
13212,d,日野市　人口集中地区
13213,d,東村山市　人口集中地区
13214,d,国分寺市　人口集中地区
13215,d,国立市　人口集中地区
13218,d,福生市　人口集中地区
13219,d,狛江市　人口集中地区
13220,d,東大和市　人口集中地区
13221,d,清瀬市　人口集中地区
13222,d,東久留米市　人口集中地区
13223,d,武蔵村山市　人口集中地区
13224,d,多摩市　人口集中地区
13225,d,稲城市　人口集中地区
13227,d,羽村市　人口集中地区
13228,d,あきる野市　人口集中地区
13229,d,西東京市　人口集中地区
13303,d,瑞穂町　人口集中地区
13305,d,日の出町　人口集中地区
14000,d,神奈川県　人口集中地区
14100,d,横浜市　人口集中地区
14101,d,横浜市 鶴見区　人口集中地区
14102,d,横浜市 神奈川区　人口集中地区
14103,d,横浜市 西区　人口集中地区
14104,d,横浜市 中区　人口集中地区
14105,d,横浜市 南区　人口集中地区
14106,d,横浜市 保土ケ谷区　人口集中地区
14107,d,横浜市 磯子区　人口集中地区
14108,d,横浜市 金沢区　人口集中地区
14109,d,横浜市 港北区　人口集中地区
14110,d,横浜市 戸塚区　人口集中地区
14111,d,横浜市 港南区　人口集中地区
14112,d,横浜市 旭区　人口集中地区
14113,d,横浜市 緑区　人口集中地区
14114,d,横浜市 瀬谷区　人口集中地区
14115,d,横浜市 栄区　人口集中地区
14116,d,横浜市 泉区　人口集中地区
14117,d,横浜市 青葉区　人口集中地区
14118,d,横浜市 都筑区　人口集中地区
14130,d,川崎市　人口集中地区
14131,d,川崎市 川崎区　人口集中地区
14132,d,川崎市 幸区　人口集中地区
14133,d,川崎市 中原区　人口集中地区
14134,d,川崎市 高津区　人口集中地区
14135,d,川崎市 多摩区　人口集中地区
14136,d,川崎市 宮前区　人口集中地区
14137,d,川崎市 麻生区　人口集中地区
14150,d,相模原市　人口集中地区
14151,d,相模原市 緑区　人口集中地区
14152,d,相模原市 中央区　人口集中地区
14153,d,相模原市 南区　人口集中地区
14201,d,横須賀市　人口集中地区
14203,d,平塚市　人口集中地区
14204,d,鎌倉市　人口集中地区
14205,d,藤沢市　人口集中地区
14206,d,小田原市　人口集中地区
14207,d,茅ヶ崎市　人口集中地区
14208,d,逗子市　人口集中地区
14210,d,三浦市　人口集中地区
14211,d,秦野市　人口集中地区
14212,d,厚木市　人口集中地区
14213,d,大和市　人口集中地区
14214,d,伊勢原市　人口集中地区
14215,d,海老名市　人口集中地区
14216,d,座間市　人口集中地区
14217,d,南足柄市　人口集中地区
14218,d,綾瀬市　人口集中地区
14301,d,葉山町　人口集中地区
14321,d,寒川町　人口集中地区
14341,d,大磯町　人口集中地区
14342,d,二宮町　人口集中地区
14362,d,大井町　人口集中地区
14363,d,松田町　人口集中地区
14366,d,開成町　人口集中地区
14383,d,真鶴町　人口集中地区
14384,d,湯河原町　人口集中地区
14401,d,愛川町　人口集中地区
15000,d,新潟県　人口集中地区
15100,d,新潟市　人口集中地区
15101,d,新潟市 北区　人口集中地区
15102,d,新潟市 東区　人口集中地区
15103,d,新潟市 中央区　人口集中地区
15104,d,新潟市 江南区　人口集中地区
15105,d,新潟市 秋葉区　人口集中地区
15106,d,新潟市 南区　人口集中地区
15107,d,新潟市 西区　人口集中地区
15108,d,新潟市 西蒲区　人口集中地区
15202,d,長岡市　人口集中地区
15204,d,三条市　人口集中地区
15205,d,柏崎市　人口集中地区
15206,d,新発田市　人口集中地区
15208,d,小千谷市　人口集中地区
15209,d,加茂市　人口集中地区
15210,d,十日町市　人口集中地区
15211,d,見附市　人口集中地区
15212,d,村上市　人口集中地区
15213,d,燕市　人口集中地区
15216,d,糸魚川市　人口集中地区
15217,d,妙高市　人口集中地区
15218,d,五泉市　人口集中地区
15222,d,上越市　人口集中地区
15223,d,阿賀野市　人口集中地区
15226,d,南魚沼市　人口集中地区
16000,d,富山県　人口集中地区
16201,d,富山市　人口集中地区
16202,d,高岡市　人口集中地区
16204,d,魚津市　人口集中地区
16205,d,氷見市　人口集中地区
16206,d,滑川市　人口集中地区
16209,d,小矢部市　人口集中地区
16211,d,射水市　人口集中地区
17000,d,石川県　人口集中地区
17201,d,金沢市　人口集中地区
17202,d,七尾市　人口集中地区
17203,d,小松市　人口集中地区
17204,d,輪島市　人口集中地区
17206,d,加賀市　人口集中地区
17207,d,羽咋市　人口集中地区
17210,d,白山市　人口集中地区
17211,d,能美市　人口集中地区
17212,d,野々市市　人口集中地区
17361,d,津幡町　人口集中地区
17365,d,内灘町　人口集中地区
18000,d,福井県　人口集中地区
18201,d,福井市　人口集中地区
18202,d,敦賀市　人口集中地区
18204,d,小浜市　人口集中地区
18205,d,大野市　人口集中地区
18206,d,勝山市　人口集中地区
18207,d,鯖江市　人口集中地区
18208,d,あわら市　人口集中地区
18209,d,越前市　人口集中地区
18210,d,坂井市　人口集中地区
18322,d,永平寺町　人口集中地区
19000,d,山梨県　人口集中地区
19201,d,甲府市　人口集中地区
19202,d,富士吉田市　人口集中地区
19204,d,都留市　人口集中地区
19205,d,山梨市　人口集中地区
19210,d,甲斐市　人口集中地区
19212,d,上野原市　人口集中地区
19214,d,中央市　人口集中地区
20000,d,長野県　人口集中地区
20201,d,長野市　人口集中地区
20202,d,松本市　人口集中地区
20203,d,上田市　人口集中地区
20204,d,岡谷市　人口集中地区
20205,d,飯田市　人口集中地区
20206,d,諏訪市　人口集中地区
20207,d,須坂市　人口集中地区
20208,d,小諸市　人口集中地区
20209,d,伊那市　人口集中地区
20210,d,駒ヶ根市　人口集中地区
20211,d,中野市　人口集中地区
20212,d,大町市　人口集中地区
20214,d,茅野市　人口集中地区
20215,d,塩尻市　人口集中地区
20217,d,佐久市　人口集中地区
20218,d,千曲市　人口集中地区
20219,d,東御市　人口集中地区
20220,d,安曇野市　人口集中地区
20361,d,下諏訪町　人口集中地区
21000,d,岐阜県　人口集中地区
21201,d,岐阜市　人口集中地区
21202,d,大垣市　人口集中地区
21203,d,高山市　人口集中地区
21204,d,多治見市　人口集中地区
21205,d,関市　人口集中地区
21206,d,中津川市　人口集中地区
21208,d,瑞浪市　人口集中地区
21209,d,羽島市　人口集中地区
21210,d,恵那市　人口集中地区
21211,d,美濃加茂市　人口集中地区
21212,d,土岐市　人口集中地区
21213,d,各務原市　人口集中地区
21214,d,可児市　人口集中地区
21216,d,瑞穂市　人口集中地区
21217,d,飛騨市　人口集中地区
21302,d,岐南町　人口集中地区
21303,d,笠松町　人口集中地区
21361,d,垂井町　人口集中地区
21381,d,神戸町　人口集中地区
21421,d,北方町　人口集中地区
22000,d,静岡県　人口集中地区
22100,d,静岡市　人口集中地区
22101,d,静岡市 葵区　人口集中地区
22102,d,静岡市 駿河区　人口集中地区
22103,d,静岡市 清水区　人口集中地区
22130,d,浜松市　人口集中地区
22131,d,浜松市 中区　人口集中地区
22132,d,浜松市 東区　人口集中地区
22133,d,浜松市 西区　人口集中地区
22134,d,浜松市 南区　人口集中地区
22135,d,浜松市 北区　人口集中地区
22136,d,浜松市 浜北区　人口集中地区
22203,d,沼津市　人口集中地区
22205,d,熱海市　人口集中地区
22206,d,三島市　人口集中地区
22207,d,富士宮市　人口集中地区
22208,d,伊東市　人口集中地区
22209,d,島田市　人口集中地区
22210,d,富士市　人口集中地区
22211,d,磐田市　人口集中地区
22212,d,焼津市　人口集中地区
22213,d,掛川市　人口集中地区
22214,d,藤枝市　人口集中地区
22215,d,御殿場市　人口集中地区
22216,d,袋井市　人口集中地区
22219,d,下田市　人口集中地区
22220,d,裾野市　人口集中地区
22221,d,湖西市　人口集中地区
22224,d,菊川市　人口集中地区
22225,d,伊豆の国市　人口集中地区
22226,d,牧之原市　人口集中地区
22325,d,函南町　人口集中地区
22341,d,清水町　人口集中地区
22342,d,長泉町　人口集中地区
22424,d,吉田町　人口集中地区
23000,d,愛知県　人口集中地区
23100,d,名古屋市　人口集中地区
23101,d,名古屋市 千種区　人口集中地区
23102,d,名古屋市 東区　人口集中地区
23103,d,名古屋市 北区　人口集中地区
23104,d,名古屋市 西区　人口集中地区
23105,d,名古屋市 中村区　人口集中地区
23106,d,名古屋市 中区　人口集中地区
23107,d,名古屋市 昭和区　人口集中地区
23108,d,名古屋市 瑞穂区　人口集中地区
23109,d,名古屋市 熱田区　人口集中地区
23110,d,名古屋市 中川区　人口集中地区
23111,d,名古屋市 港区　人口集中地区
23112,d,名古屋市 南区　人口集中地区
23113,d,名古屋市 守山区　人口集中地区
23114,d,名古屋市 緑区　人口集中地区
23115,d,名古屋市 名東区　人口集中地区
23116,d,名古屋市 天白区　人口集中地区
23201,d,豊橋市　人口集中地区
23202,d,岡崎市　人口集中地区
23203,d,一宮市　人口集中地区
23204,d,瀬戸市　人口集中地区
23205,d,半田市　人口集中地区
23206,d,春日井市　人口集中地区
23207,d,豊川市　人口集中地区
23208,d,津島市　人口集中地区
23209,d,碧南市　人口集中地区
23210,d,刈谷市　人口集中地区
23211,d,豊田市　人口集中地区
23212,d,安城市　人口集中地区
23213,d,西尾市　人口集中地区
23214,d,蒲郡市　人口集中地区
23215,d,犬山市　人口集中地区
23216,d,常滑市　人口集中地区
23217,d,江南市　人口集中地区
23219,d,小牧市　人口集中地区
23220,d,稲沢市　人口集中地区
23221,d,新城市　人口集中地区
23222,d,東海市　人口集中地区
23223,d,大府市　人口集中地区
23224,d,知多市　人口集中地区
23225,d,知立市　人口集中地区
23226,d,尾張旭市　人口集中地区
23227,d,高浜市　人口集中地区
23228,d,岩倉市　人口集中地区
23229,d,豊明市　人口集中地区
23230,d,日進市　人口集中地区
23231,d,田原市　人口集中地区
23232,d,愛西市　人口集中地区
23233,d,清須市　人口集中地区
23234,d,北名古屋市　人口集中地区
23235,d,弥富市　人口集中地区
23236,d,みよし市　人口集中地区
23237,d,あま市　人口集中地区
23238,d,長久手市　人口集中地区
23302,d,東郷町　人口集中地区
23342,d,豊山町　人口集中地区
23361,d,大口町　人口集中地区
23362,d,扶桑町　人口集中地区
23424,d,大治町　人口集中地区
23425,d,蟹江町　人口集中地区
23441,d,阿久比町　人口集中地区
23442,d,東浦町　人口集中地区
23447,d,武豊町　人口集中地区
23501,d,幸田町　人口集中地区
24000,d,三重県　人口集中地区
24201,d,津市　人口集中地区
24202,d,四日市市　人口集中地区
24203,d,伊勢市　人口集中地区
24204,d,松阪市　人口集中地区
24205,d,桑名市　人口集中地区
24207,d,鈴鹿市　人口集中地区
24208,d,名張市　人口集中地区
24209,d,尾鷲市　人口集中地区
24210,d,亀山市　人口集中地区
24216,d,伊賀市　人口集中地区
24324,d,東員町　人口集中地区
24341,d,菰野町　人口集中地区
24344,d,川越町　人口集中地区
25000,d,滋賀県　人口集中地区
25201,d,大津市　人口集中地区
25202,d,彦根市　人口集中地区
25203,d,長浜市　人口集中地区
25204,d,近江八幡市　人口集中地区
25206,d,草津市　人口集中地区
25207,d,守山市　人口集中地区
25208,d,栗東市　人口集中地区
25209,d,甲賀市　人口集中地区
25210,d,野洲市　人口集中地区
25211,d,湖南市　人口集中地区
25213,d,東近江市　人口集中地区
26000,d,京都府　人口集中地区
26100,d,京都市　人口集中地区
26101,d,京都市 北区　人口集中地区
26102,d,京都市 上京区　人口集中地区
26103,d,京都市 左京区　人口集中地区
26104,d,京都市 中京区　人口集中地区
26105,d,京都市 東山区　人口集中地区
26106,d,京都市 下京区　人口集中地区
26107,d,京都市 南区　人口集中地区
26108,d,京都市 右京区　人口集中地区
26109,d,京都市 伏見区　人口集中地区
26110,d,京都市 山科区　人口集中地区
26111,d,京都市 西京区　人口集中地区
26201,d,福知山市　人口集中地区
26202,d,舞鶴市　人口集中地区
26203,d,綾部市　人口集中地区
26204,d,宇治市　人口集中地区
26205,d,宮津市　人口集中地区
26206,d,亀岡市　人口集中地区
26207,d,城陽市　人口集中地区
26208,d,向日市　人口集中地区
26209,d,長岡京市　人口集中地区
26210,d,八幡市　人口集中地区
26211,d,京田辺市　人口集中地区
26212,d,京丹後市　人口集中地区
26213,d,南丹市　人口集中地区
26214,d,木津川市　人口集中地区
26303,d,大山崎町　人口集中地区
26322,d,久御山町　人口集中地区
26366,d,精華町　人口集中地区
27000,d,大阪府　人口集中地区
27100,d,大阪市　人口集中地区
27102,d,大阪市 都島区　人口集中地区
27103,d,大阪市 福島区　人口集中地区
27104,d,大阪市 此花区　人口集中地区
27106,d,大阪市 西区　人口集中地区
27107,d,大阪市 港区　人口集中地区
27108,d,大阪市 大正区　人口集中地区
27109,d,大阪市 天王寺区　人口集中地区
27111,d,大阪市 浪速区　人口集中地区
27113,d,大阪市 西淀川区　人口集中地区
27114,d,大阪市 東淀川区　人口集中地区
27115,d,大阪市 東成区　人口集中地区
27116,d,大阪市 生野区　人口集中地区
27117,d,大阪市 旭区　人口集中地区
27118,d,大阪市 城東区　人口集中地区
27119,d,大阪市 阿倍野区　人口集中地区
27120,d,大阪市 住吉区　人口集中地区
27121,d,大阪市 東住吉区　人口集中地区
27122,d,大阪市 西成区　人口集中地区
27123,d,大阪市 淀川区　人口集中地区
27124,d,大阪市 鶴見区　人口集中地区
27125,d,大阪市 住之江区　人口集中地区
27126,d,大阪市 平野区　人口集中地区
27127,d,大阪市 北区　人口集中地区
27128,d,大阪市 中央区　人口集中地区
27140,d,堺市　人口集中地区
27141,d,堺市 堺区　人口集中地区
27142,d,堺市 中区　人口集中地区
27143,d,堺市 東区　人口集中地区
27144,d,堺市 西区　人口集中地区
27145,d,堺市 南区　人口集中地区
27146,d,堺市 北区　人口集中地区
27147,d,堺市 美原区　人口集中地区
27202,d,岸和田市　人口集中地区
27203,d,豊中市　人口集中地区
27204,d,池田市　人口集中地区
27205,d,吹田市　人口集中地区
27206,d,泉大津市　人口集中地区
27207,d,高槻市　人口集中地区
27208,d,貝塚市　人口集中地区
27209,d,守口市　人口集中地区
27210,d,枚方市　人口集中地区
27211,d,茨木市　人口集中地区
27212,d,八尾市　人口集中地区
27213,d,泉佐野市　人口集中地区
27214,d,富田林市　人口集中地区
27215,d,寝屋川市　人口集中地区
27216,d,河内長野市　人口集中地区
27217,d,松原市　人口集中地区
27218,d,大東市　人口集中地区
27219,d,和泉市　人口集中地区
27220,d,箕面市　人口集中地区
27221,d,柏原市　人口集中地区
27222,d,羽曳野市　人口集中地区
27223,d,門真市　人口集中地区
27224,d,摂津市　人口集中地区
27225,d,高石市　人口集中地区
27226,d,藤井寺市　人口集中地区
27227,d,東大阪市　人口集中地区
27228,d,泉南市　人口集中地区
27229,d,四條畷市　人口集中地区
27230,d,交野市　人口集中地区
27231,d,大阪狭山市　人口集中地区
27232,d,阪南市　人口集中地区
27301,d,島本町　人口集中地区
27321,d,豊能町　人口集中地区
27341,d,忠岡町　人口集中地区
27361,d,熊取町　人口集中地区
27362,d,田尻町　人口集中地区
27381,d,太子町　人口集中地区
27382,d,河南町　人口集中地区
28000,d,兵庫県　人口集中地区
28100,d,神戸市　人口集中地区
28101,d,神戸市 東灘区　人口集中地区
28102,d,神戸市 灘区　人口集中地区
28105,d,神戸市 兵庫区　人口集中地区
28106,d,神戸市 長田区　人口集中地区
28107,d,神戸市 須磨区　人口集中地区
28108,d,神戸市 垂水区　人口集中地区
28109,d,神戸市 北区　人口集中地区
28110,d,神戸市 中央区　人口集中地区
28111,d,神戸市 西区　人口集中地区
28201,d,姫路市　人口集中地区
28202,d,尼崎市　人口集中地区
28203,d,明石市　人口集中地区
28204,d,西宮市　人口集中地区
28205,d,洲本市　人口集中地区
28206,d,芦屋市　人口集中地区
28207,d,伊丹市　人口集中地区
28208,d,相生市　人口集中地区
28209,d,豊岡市　人口集中地区
28210,d,加古川市　人口集中地区
28212,d,赤穂市　人口集中地区
28213,d,西脇市　人口集中地区
28214,d,宝塚市　人口集中地区
28215,d,三木市　人口集中地区
28216,d,高砂市　人口集中地区
28217,d,川西市　人口集中地区
28218,d,小野市　人口集中地区
28219,d,三田市　人口集中地区
28220,d,加西市　人口集中地区
28228,d,加東市　人口集中地区
28229,d,たつの市　人口集中地区
28301,d,猪名川町　人口集中地区
28381,d,稲美町　人口集中地区
28382,d,播磨町　人口集中地区
28464,d,太子町　人口集中地区
29000,d,奈良県　人口集中地区
29201,d,奈良市　人口集中地区
29202,d,大和高田市　人口集中地区
29203,d,大和郡山市　人口集中地区
29204,d,天理市　人口集中地区
29205,d,橿原市　人口集中地区
29206,d,桜井市　人口集中地区
29207,d,五條市　人口集中地区
29208,d,御所市　人口集中地区
29209,d,生駒市　人口集中地区
29210,d,香芝市　人口集中地区
29211,d,葛城市　人口集中地区
29343,d,三郷町　人口集中地区
29344,d,斑鳩町　人口集中地区
29363,d,田原本町　人口集中地区
29424,d,上牧町　人口集中地区
29425,d,王寺町　人口集中地区
29426,d,広陵町　人口集中地区
29427,d,河合町　人口集中地区
30000,d,和歌山県　人口集中地区
30201,d,和歌山市　人口集中地区
30202,d,海南市　人口集中地区
30204,d,有田市　人口集中地区
30205,d,御坊市　人口集中地区
30206,d,田辺市　人口集中地区
30207,d,新宮市　人口集中地区
30361,d,湯浅町　人口集中地区
31000,d,鳥取県　人口集中地区
31201,d,鳥取市　人口集中地区
31202,d,米子市　人口集中地区
31203,d,倉吉市　人口集中地区
31204,d,境港市　人口集中地区
32000,d,島根県　人口集中地区
32201,d,松江市　人口集中地区
32202,d,浜田市　人口集中地区
32203,d,出雲市　人口集中地区
32204,d,益田市　人口集中地区
32206,d,安来市　人口集中地区
33000,d,岡山県　人口集中地区
33100,d,岡山市　人口集中地区
33101,d,岡山市 北区　人口集中地区
33102,d,岡山市 中区　人口集中地区
33103,d,岡山市 東区　人口集中地区
33104,d,岡山市 南区　人口集中地区
33202,d,倉敷市　人口集中地区
33203,d,津山市　人口集中地区
33204,d,玉野市　人口集中地区
33205,d,笠岡市　人口集中地区
33207,d,井原市　人口集中地区
33208,d,総社市　人口集中地区
33209,d,高梁市　人口集中地区
33210,d,新見市　人口集中地区
33213,d,赤磐市　人口集中地区
34000,d,広島県　人口集中地区
34100,d,広島市　人口集中地区
34101,d,広島市 中区　人口集中地区
34102,d,広島市 東区　人口集中地区
34103,d,広島市 南区　人口集中地区
34104,d,広島市 西区　人口集中地区
34105,d,広島市 安佐南区　人口集中地区
34106,d,広島市 安佐北区　人口集中地区
34107,d,広島市 安芸区　人口集中地区
34108,d,広島市 佐伯区　人口集中地区
34202,d,呉市　人口集中地区
34203,d,竹原市　人口集中地区
34204,d,三原市　人口集中地区
34205,d,尾道市　人口集中地区
34207,d,福山市　人口集中地区
34208,d,府中市　人口集中地区
34209,d,三次市　人口集中地区
34211,d,大竹市　人口集中地区
34212,d,東広島市　人口集中地区
34213,d,廿日市市　人口集中地区
34302,d,府中町　人口集中地区
34304,d,海田町　人口集中地区
34309,d,坂町　人口集中地区
35000,d,山口県　人口集中地区
35201,d,下関市　人口集中地区
35202,d,宇部市　人口集中地区
35203,d,山口市　人口集中地区
35204,d,萩市　人口集中地区
35206,d,防府市　人口集中地区
35207,d,下松市　人口集中地区
35208,d,岩国市　人口集中地区
35210,d,光市　人口集中地区
35212,d,柳井市　人口集中地区
35215,d,周南市　人口集中地区
35216,d,山陽小野田市　人口集中地区
36000,d,徳島県　人口集中地区
36201,d,徳島市　人口集中地区
36202,d,鳴門市　人口集中地区
36203,d,小松島市　人口集中地区
36204,d,阿南市　人口集中地区
36205,d,吉野川市　人口集中地区
36402,d,北島町　人口集中地区
37000,d,香川県　人口集中地区
37201,d,高松市　人口集中地区
37202,d,丸亀市　人口集中地区
37203,d,坂出市　人口集中地区
37204,d,善通寺市　人口集中地区
37205,d,観音寺市　人口集中地区
37206,d,さぬき市　人口集中地区
37386,d,宇多津町　人口集中地区
37404,d,多度津町　人口集中地区
38000,d,愛媛県　人口集中地区
38201,d,松山市　人口集中地区
38202,d,今治市　人口集中地区
38203,d,宇和島市　人口集中地区
38204,d,八幡浜市　人口集中地区
38205,d,新居浜市　人口集中地区
38206,d,西条市　人口集中地区
38207,d,大洲市　人口集中地区
38210,d,伊予市　人口集中地区
38213,d,四国中央市　人口集中地区
38215,d,東温市　人口集中地区
38401,d,松前町　人口集中地区
38402,d,砥部町　人口集中地区
39000,d,高知県　人口集中地区
39201,d,高知市　人口集中地区
39203,d,安芸市　人口集中地区
39204,d,南国市　人口集中地区
39205,d,土佐市　人口集中地区
39210,d,四万十市　人口集中地区
39212,d,香美市　人口集中地区
40000,d,福岡県　人口集中地区
40100,d,北九州市　人口集中地区
40101,d,北九州市 門司区　人口集中地区
40103,d,北九州市 若松区　人口集中地区
40105,d,北九州市 戸畑区　人口集中地区
40106,d,北九州市 小倉北区　人口集中地区
40107,d,北九州市 小倉南区　人口集中地区
40108,d,北九州市 八幡東区　人口集中地区
40109,d,北九州市 八幡西区　人口集中地区
40130,d,福岡市　人口集中地区
40131,d,福岡市 東区　人口集中地区
40132,d,福岡市 博多区　人口集中地区
40133,d,福岡市 中央区　人口集中地区
40134,d,福岡市 南区　人口集中地区
40135,d,福岡市 西区　人口集中地区
40136,d,福岡市 城南区　人口集中地区
40137,d,福岡市 早良区　人口集中地区
40202,d,大牟田市　人口集中地区
40203,d,久留米市　人口集中地区
40204,d,直方市　人口集中地区
40205,d,飯塚市　人口集中地区
40206,d,田川市　人口集中地区
40207,d,柳川市　人口集中地区
40210,d,八女市　人口集中地区
40211,d,筑後市　人口集中地区
40212,d,大川市　人口集中地区
40213,d,行橋市　人口集中地区
40215,d,中間市　人口集中地区
40216,d,小郡市　人口集中地区
40217,d,筑紫野市　人口集中地区
40218,d,春日市　人口集中地区
40219,d,大野城市　人口集中地区
40220,d,宗像市　人口集中地区
40221,d,太宰府市　人口集中地区
40223,d,古賀市　人口集中地区
40224,d,福津市　人口集中地区
40228,d,朝倉市　人口集中地区
40230,d,糸島市　人口集中地区
40305,d,那珂川町　人口集中地区
40341,d,宇美町　人口集中地区
40342,d,篠栗町　人口集中地区
40343,d,志免町　人口集中地区
40344,d,須恵町　人口集中地区
40345,d,新宮町　人口集中地区
40349,d,粕屋町　人口集中地区
40381,d,芦屋町　人口集中地区
40382,d,水巻町　人口集中地区
40383,d,岡垣町　人口集中地区
40402,d,鞍手町　人口集中地区
40621,d,苅田町　人口集中地区
41000,d,佐賀県　人口集中地区
41201,d,佐賀市　人口集中地区
41202,d,唐津市　人口集中地区
41203,d,鳥栖市　人口集中地区
41205,d,伊万里市　人口集中地区
41206,d,武雄市　人口集中地区
41207,d,鹿島市　人口集中地区
41208,d,小城市　人口集中地区
41210,d,神埼市　人口集中地区
41341,d,基山町　人口集中地区
42000,d,長崎県　人口集中地区
42201,d,長崎市　人口集中地区
42202,d,佐世保市　人口集中地区
42203,d,島原市　人口集中地区
42204,d,諫早市　人口集中地区
42205,d,大村市　人口集中地区
42211,d,五島市　人口集中地区
42307,d,長与町　人口集中地区
42308,d,時津町　人口集中地区
42322,d,川棚町　人口集中地区
43000,d,熊本県　人口集中地区
43100,d,熊本市　人口集中地区
43101,d,熊本市 中央区　人口集中地区
43102,d,熊本市 東区　人口集中地区
43103,d,熊本市 西区　人口集中地区
43104,d,熊本市 南区　人口集中地区
43105,d,熊本市 北区　人口集中地区
43202,d,八代市　人口集中地区
43203,d,人吉市　人口集中地区
43204,d,荒尾市　人口集中地区
43205,d,水俣市　人口集中地区
43206,d,玉名市　人口集中地区
43208,d,山鹿市　人口集中地区
43210,d,菊池市　人口集中地区
43211,d,宇土市　人口集中地区
43213,d,宇城市　人口集中地区
43215,d,天草市　人口集中地区
43216,d,合志市　人口集中地区
43403,d,大津町　人口集中地区
43404,d,菊陽町　人口集中地区
43443,d,益城町　人口集中地区
44000,d,大分県　人口集中地区
44201,d,大分市　人口集中地区
44202,d,別府市　人口集中地区
44203,d,中津市　人口集中地区
44204,d,日田市　人口集中地区
44205,d,佐伯市　人口集中地区
44206,d,臼杵市　人口集中地区
44207,d,津久見市　人口集中地区
45000,d,宮崎県　人口集中地区
45201,d,宮崎市　人口集中地区
45202,d,都城市　人口集中地区
45203,d,延岡市　人口集中地区
45204,d,日南市　人口集中地区
45205,d,小林市　人口集中地区
45206,d,日向市　人口集中地区
45208,d,西都市　人口集中地区
45401,d,高鍋町　人口集中地区
45421,d,門川町　人口集中地区
46000,d,鹿児島県　人口集中地区
46201,d,鹿児島市　人口集中地区
46203,d,鹿屋市　人口集中地区
46204,d,枕崎市　人口集中地区
46210,d,指宿市　人口集中地区
46215,d,薩摩川内市　人口集中地区
46218,d,霧島市　人口集中地区
46219,d,いちき串木野市　人口集中地区
46222,d,奄美市　人口集中地区
46225,d,姶良市　人口集中地区
47000,d,沖縄県　人口集中地区
47201,d,那覇市　人口集中地区
47205,d,宜野湾市　人口集中地区
47207,d,石垣市　人口集中地区
47208,d,浦添市　人口集中地区
47209,d,名護市　人口集中地区
47210,d,糸満市　人口集中地区
47211,d,沖縄市　人口集中地区
47212,d,豊見城市　人口集中地区
47213,d,うるま市　人口集中地区
47214,d,宮古島市　人口集中地区
47314,d,金武町　人口集中地区
47324,d,読谷村　人口集中地区
47325,d,嘉手納町　人口集中地区
47326,d,北谷町　人口集中地区
47329,d,西原町　人口集中地区
47348,d,与那原町　人口集中地区
47350,d,南風原町　人口集中地区
47362,d,八重瀬町　人口集中地区
